ALTER TABLE orders 
	DROP CONSTRAINT IF EXISTS fk_orders_employee

ALTER TABLE orders 
	DROP CONSTRAINT IF EXISTS fk_orders_clients

ALTER TABLE subservices_services 
	DROP CONSTRAINT IF EXISTS fk_subservices_services_services;

ALTER TABLE subservices_services 
	DROP CONSTRAINT IF EXISTS fk_subservices_services_subservices;

ALTER TABLE subservices_specs 
	DROP CONSTRAINT IF EXISTS fk_subservices_specs_parts;

ALTER TABLE subservices_specs 
	DROP CONSTRAINT IF EXISTS fk_subservices_specs_services;

ALTER TABLE service_vehicle
	DROP CONSTRAINT IF EXISTS fk_service_vehicle_services;

ALTER TABLE service_vehicle
	DROP CONSTRAINT IF EXISTS fk_service_vehicle_vehicles;

ALTER TABLE subservices_orders_vehicles
	DROP CONSTRAINT IF EXISTS fk_subservices_orders_vehicles_subservices;

ALTER TABLE subservices_orders_vehicles
	DROP CONSTRAINT IF EXISTS fk_subservices_orders_vehicles_orders;

ALTER TABLE subservices_orders_vehicles
	DROP CONSTRAINT IF EXISTS fk_subservices_orders_vehicles_client_vehicles;

ALTER TABLE service_orders
	DROP CONSTRAINT IF EXISTS fk_service_orders_orders;

ALTER TABLE service_orders
	DROP CONSTRAINT IF EXISTS fk_service_orders_services;

ALTER TABLE parts_vehicle
	DROP CONSTRAINT IF EXISTS fk_parts_vehicle_vehicles;
	
ALTER TABLE parts_vehicle
	DROP CONSTRAINT IF EXISTS fk_parts_vehicle_parts;

ALTER TABLE parts_suppliers
	DROP CONSTRAINT IF EXISTS fk_parts_suppliers_parts;

ALTER TABLE parts_suppliers
	DROP CONSTRAINT IF EXISTS fk_parts_suppliers_suppliers;

ALTER TABLE part_orders
	DROP CONSTRAINT IF EXISTS fk_part_orders_suppliers;

ALTER TABLE part_orders
	DROP CONSTRAINT IF EXISTS fk_part_orders_parts;

ALTER TABLE client_vehicles
	DROP CONSTRAINT IF EXISTS fk_client_vehicles_vehicles;

ALTER TABLE client_vehicles
	DROP CONSTRAINT IF EXISTS fk_client_vehicles_clients;
	
ALTER TABLE mechanics
	DROP CONSTRAINT IF EXISTS fk_mechanics_employee;

ALTER TABLE mechanics_services
	DROP CONSTRAINT IF EXISTS fk_mechanics_services_mechanics;

ALTER TABLE mechanics_services
	DROP CONSTRAINT IF EXISTS fk_mechanics_services_services;

ALTER TABLE mechanics_orders
	DROP CONSTRAINT IF EXISTS fk_mechanics_orders_orders;

ALTER TABLE mechanics_orders
	DROP CONSTRAINT IF EXISTS fk_mechanics_orders_mechanics;

ALTER TABLE employee_absence
	DROP CONSTRAINT IF EXISTS fk_employee_absence_employee;

DROP TABLE IF EXISTS subservices_specs;
DROP TABLE IF EXISTS subservices_services;
DROP TABLE IF EXISTS service_vehicle;
DROP TABLE IF EXISTS service_orders;
DROP TABLE IF EXISTS mechanics_orders;
DROP TABLE IF EXISTS mechanics_services;
DROP TABLE IF EXISTS parts_vehicle;
DROP TABLE IF EXISTS parts_suppliers;
DROP TABLE IF EXISTS subservices_orders_vehicles;
DROP TABLE IF EXISTS subservices;
DROP TABLE IF EXISTS parts;
DROP TABLE IF EXISTS part_orders;
DROP TABLE IF EXISTS suppliers;
DROP TABLE IF EXISTS vehicles;
DROP TABLE IF EXISTS client_vehicles;
DROP TABLE IF EXISTS clients;
DROP TABLE IF EXISTS orders;
DROP TABLE IF EXISTS employee;
DROP TABLE IF EXISTS mechanics;
DROP TABLE IF EXISTS services;
DROP TABLE IF EXISTS employee_absence;

CREATE TABLE subservices_specs 
(
	subservice_id int NOT NULL,
	part_id int NOT NULL,
	quantity int NOT NULL,
	CONSTRAINT pk_subservices_specs PRIMARY KEY (subservice_id, part_id)
)

CREATE TABLE service_vehicle 
(
	vehicle_id int NOT NULL,
	service_id int NOT NULL, 
	CONSTRAINT pk_service_vehicle PRIMARY KEY(vehicle_id, service_id)
)

CREATE TABLE service_orders 
(
	order_id int NOT NULL,
	service_id int NOT NULL,
	CONSTRAINT pk_service_orders PRIMARY KEY(order_id, service_id)
)

CREATE TABLE mechanics_orders 
(
	mechanic_id int NOT NULL,
	order_id int NOT NULL,
	CONSTRAINT pk_mechanics_orders PRIMARY KEY(mechanic_id, order_id)
)

CREATE TABLE mechanics_services 
(
	service_id int NOT NULL, 
	mechanic_id int NOT NULL,
	CONSTRAINT pk_mechanics_services PRIMARY KEY(service_id, mechanic_id) 
)

CREATE TABLE parts_vehicle 
(
	part_id int NOT NULL,
	vehicle_id int NOT NULL,
	CONSTRAINT pk_parts_vehicle PRIMARY KEY(part_id, vehicle_id)
)

CREATE TABLE parts_suppliers 
(
	part_id int NOT NULL, 
	supplier_id int NOT NULL,
	CONSTRAINT pk_parts_suppliers PRIMARY KEY(part_id, supplier_id)
)

CREATE TABLE subservices_orders_vehicles 
(
	vehicle_id int NOT NULL, 
	order_id int NOT NULL,
	subservice_id int NOT NULL, 
	CONSTRAINT pk_subservices_orders_vehicles PRIMARY KEY(vehicle_id, subservice_id, order_id)
)

CREATE TABLE subservices 
(
	subservice_id int NOT NULL,
	subservice nvarchar(100), 
	CONSTRAINT pk_subservices PRIMARY KEY (subservice_id)
)

CREATE TABLE subservices_services 
(
	subservice_id int NOT NULL,
	service_id int NOT NULL,
	CONSTRAINT pk_subservices_services PRIMARY KEY (subservice_id, service_id)
)

CREATE TABLE parts 
(
	part_id int NOT NULL,
	part_name nvarchar(100),
	number_available int,
	CONSTRAINT pk_parts PRIMARY KEY (part_id)
)

CREATE TABLE part_orders
(
	part_order_id int NOT NULL,
	supplier_id int NOT NULL,
	part_id int NOT NULL, 
	quantity int,
	cost int,
	CONSTRAINT pk_part_orders PRIMARY KEY (part_order_id, part_id)
)

CREATE TABLE suppliers 
(
	supplier_id int NOT NULL,
	supplier nvarchar(100),
	phone nvarchar(100),
	CONSTRAINT pk_suppliers PRIMARY KEY (supplier_id)
)

CREATE TABLE vehicles 
(
	model_id int NOT NULL,
	model_name nvarchar(100),
	CONSTRAINT pk_vehicles PRIMARY KEY (model_id)
)
	
CREATE TABLE client_vehicles
(
	client_id int NOT NULL,
	model_id int NOT NULL,
	vehicle_id int NOT NULL,
	comment nvarchar(100),
	CONSTRAINT pk_client_vehicles PRIMARY KEY (vehicle_id)
)

CREATE TABLE clients
(
	client_id int NOT NULL, 
	last_name nvarchar(100),
	phone nvarchar(100),
	CONSTRAINT pk_clients PRIMARY KEY (client_id)
)

CREATE TABLE orders
(
	order_id int NOT NULL,
	client_id int NOT NULL,
	manager_id int NOT NULL,
	total_cost int NOT NULL,
	accepted date NOT NULL,
	planned_end date NOT NULL,
	real_end date NOT NULL,
	CONSTRAINT pk_orders PRIMARY KEY (order_id)
)

CREATE TABLE employee 
(
	employee_id int NOT NULL, 
	last_name nvarchar(100),
	position nvarchar(100),
	salary int,
	phone nvarchar(100),
	CONSTRAINT pk_employee PRIMARY KEY (employee_id)
)

CREATE TABLE mechanics
(
	employee_id int NOT NULL,
	category int,
	last_name nvarchar(100),
	CONSTRAINT pk_mechanics PRIMARY KEY (employee_id)
)

CREATE TABLE  services
(
	service_id int NOT NULL,
	service nvarchar(100),
	estimated_price int,
	estimated_time_days int,
	CONSTRAINT pk_services PRIMARY KEY (service_id)
)

CREATE TABLE employee_absence
(
	employee_id int NOT NULL,
	start date NOT NULL, 
	ending date NOT NULL,
	reason nvarchar(100),
	payment int,
	fee int,
	CONSTRAINT pk_employee_absence PRIMARY KEY (employee_id, start)
)

ALTER TABLE subservices_services
	ADD CONSTRAINT fk_subservices_services_services FOREIGN KEY (service_id)
		REFERENCES services (service_id) 
		ON DELETE CASCADE
	    ON UPDATE CASCADE
		
ALTER TABLE subservices_services
	ADD CONSTRAINT fk_subservices_services_subservices FOREIGN KEY (subservice_id)
		REFERENCES subservices (subservice_id) 
		ON DELETE CASCADE
	    ON UPDATE CASCADE

ALTER TABLE subservices_specs
   ADD CONSTRAINT fk_subservices_specs_parts FOREIGN KEY (part_id)
      REFERENCES parts (part_id) 
	  ON DELETE CASCADE
	  ON UPDATE CASCADE

ALTER TABLE subservices_specs
   ADD CONSTRAINT fk_subservices_specs_services FOREIGN KEY (subservice_id)
      REFERENCES subservices (subservice_id) 
	  ON DELETE CASCADE
	  ON UPDATE CASCADE

ALTER TABLE service_vehicle
   ADD CONSTRAINT fk_service_vehicle_services FOREIGN KEY (service_id)
      REFERENCES services (service_id) 
	  ON DELETE CASCADE
	  ON UPDATE CASCADE

ALTER TABLE service_vehicle
   ADD CONSTRAINT fk_service_vehicle_vehicles FOREIGN KEY (vehicle_id)
      REFERENCES vehicles (model_id) 
	  ON DELETE CASCADE
	  ON UPDATE CASCADE

ALTER TABLE subservices_orders_vehicles
   ADD CONSTRAINT fk_subservices_orders_vehicles_subservices FOREIGN KEY (subservice_id)
      REFERENCES subservices (subservice_id)
	  ON DELETE CASCADE
	  ON UPDATE CASCADE 

ALTER TABLE subservices_orders_vehicles
   ADD CONSTRAINT fk_subservices_orders_vehicles_orders FOREIGN KEY (order_id)
      REFERENCES orders (order_id) 
	  ON DELETE CASCADE
	  ON UPDATE CASCADE

ALTER TABLE subservices_orders_vehicles
   ADD CONSTRAINT fk_subservices_orders_vehicles_client_vehicles FOREIGN KEY (vehicle_id)
      REFERENCES client_vehicles (vehicle_id) 
	  ON DELETE CASCADE
	  ON UPDATE CASCADE

ALTER TABLE service_orders
   ADD CONSTRAINT fk_service_orders_orders FOREIGN KEY (order_id)
      REFERENCES orders (order_id)
	  ON DELETE CASCADE
	  ON UPDATE CASCADE

ALTER TABLE service_orders
   ADD CONSTRAINT fk_service_orders_services FOREIGN KEY (service_id)
      REFERENCES services (service_id)
	  ON DELETE CASCADE
	  ON UPDATE CASCADE

ALTER TABLE parts_vehicle
   ADD CONSTRAINT fk_parts_vehicle_vehicles FOREIGN KEY (vehicle_id)
      REFERENCES vehicles (model_id) 
	  ON DELETE CASCADE
	  ON UPDATE CASCADE

ALTER TABLE parts_vehicle
   ADD CONSTRAINT fk_parts_vehicle_parts FOREIGN KEY (part_id)
      REFERENCES parts (part_id) 
	  ON DELETE CASCADE
	  ON UPDATE CASCADE

ALTER TABLE parts_suppliers
   ADD CONSTRAINT fk_parts_suppliers_parts FOREIGN KEY (part_id)
      REFERENCES parts (part_id) 
	  ON DELETE CASCADE
	  ON UPDATE CASCADE

ALTER TABLE parts_suppliers
   ADD CONSTRAINT fk_parts_suppliers_supliers FOREIGN KEY (supplier_id)
      REFERENCES suppliers (supplier_id) 
	  ON DELETE CASCADE
	  ON UPDATE CASCADE

ALTER TABLE part_orders
   ADD CONSTRAINT fk_part_orders_suppliers FOREIGN KEY (supplier_id)
      REFERENCES suppliers (supplier_id) 
	  ON DELETE CASCADE
	  ON UPDATE CASCADE

ALTER TABLE part_orders
   ADD CONSTRAINT fk_part_orders_parts FOREIGN KEY (part_id)
      REFERENCES parts (part_id) 
	  ON DELETE CASCADE
	  ON UPDATE CASCADE

ALTER TABLE client_vehicles
   ADD CONSTRAINT fk_client_vehicles_vehicles FOREIGN KEY (model_id)
      REFERENCES vehicles (model_id) 
	  ON DELETE CASCADE
	  ON UPDATE CASCADE

ALTER TABLE client_vehicles
   ADD CONSTRAINT fk_client_vehicles_clients FOREIGN KEY (client_id)
      REFERENCES clients (client_id) 
	  ON DELETE CASCADE
	  ON UPDATE CASCADE

ALTER TABLE mechanics
   ADD CONSTRAINT fk_mechanics_employee FOREIGN KEY (employee_id)
      REFERENCES employee (employee_id) 
	  ON DELETE CASCADE
	  ON UPDATE CASCADE

ALTER TABLE mechanics_services
   ADD CONSTRAINT fk_mechanics_services_mechanics FOREIGN KEY (mechanic_id)
      REFERENCES mechanics (employee_id) 
	  ON DELETE CASCADE
	  ON UPDATE CASCADE

ALTER TABLE mechanics_services
   ADD CONSTRAINT fk_mechanics_services_services FOREIGN KEY (service_id)
      REFERENCES services (service_id) 
	  ON DELETE CASCADE
	  ON UPDATE CASCADE

ALTER TABLE mechanics_orders
   ADD CONSTRAINT fk_mechanics_orders_orders FOREIGN KEY (order_id)
      REFERENCES orders (order_id) 
	  ON DELETE CASCADE
	  ON UPDATE CASCADE

ALTER TABLE mechanics_orders
   ADD CONSTRAINT fk_mechanics_orders_mechanics FOREIGN KEY (mechanic_id)
      REFERENCES mechanics (employee_id) 
	  ON DELETE CASCADE
	  ON UPDATE CASCADE

ALTER TABLE employee_absence 
	ADD CONSTRAINT fk_employee_absence_employee FOREIGN KEY (employee_id)  
		REFERENCES employee (employee_id) 
	    ON DELETE CASCADE
	    ON UPDATE CASCADE

ALTER TABLE orders
	ADD CONSTRAINT fk_orders_clients FOREIGN KEY (client_id)
		REFERENCES clients (client_id)	

ALTER TABLE orders 
	ADd CONSTRAINT fk_orders_employee FOREIGN KEY (manager_id)
		REFERENCES employee (employee_id)
		
INSERT INTO clients VALUES (10001, 'Шульц', '7(473)305-56-52')
INSERT INTO clients VALUES (10002, 'Смольянинов', '7(473)252-07-65')
INSERT INTO clients VALUES (10003, 'Антонов', '7(473)886-75-52')
INSERT INTO clients VALUES (10004, 'Богатов', '7(473)033-55-12')
INSERT INTO clients VALUES (10005, 'Иньков', '7(473)184-83-77')
INSERT INTO clients VALUES (10006, 'Шалаганов', '7(473)296-05-10')
INSERT INTO clients VALUES (10007, 'Куракин', '7(473)071-62-44')
INSERT INTO clients VALUES (10008, 'Шикалов', '7(473)778-29-11')
INSERT INTO clients VALUES (10009, 'Ягуткин', '7(473)969-23-68')
INSERT INTO clients VALUES (10010, 'Куделькин', '7(473)546-16-65')
INSERT INTO clients VALUES (10011, 'Степихов', '7(473)473-61-89')
INSERT INTO clients VALUES (10012, 'Церетели', '7(473)681-59-26')
INSERT INTO clients VALUES (10013, 'Подчасов', '7(473)950-22-98')
INSERT INTO clients VALUES (10014, 'Лихачев', '7(473)449-11-58')
INSERT INTO clients VALUES (10015, 'Мохов', '7(473)222-30-12')
INSERT INTO clients VALUES (10016, 'Дукачёв', '7(473)932-95-97')
INSERT INTO clients VALUES (10017, 'Ярин', '7(473)587-77-55')
INSERT INTO clients VALUES (10018, 'Берия', '7(473)053-21-18')
INSERT INTO clients VALUES (10019, 'Утюжин', '7(473)307-41-90')
INSERT INTO clients VALUES (10020, 'Малец', '7(473)220-82-83')

INSERT INTO vehicles VALUES (20001, 'Mercedes-Benz SLS AMG 2010')
INSERT INTO vehicles VALUES (20002, 'Mercedes-Benz SLS AMG 2015')
INSERT INTO vehicles VALUES (20003, 'Mercedes-Benz SLS AMG 2005')
INSERT INTO vehicles VALUES (20004, 'Mercedes-Benz GLA-Class 2013')
INSERT INTO vehicles VALUES (20005, 'Mercedes-Benz GLC-class 2017')
INSERT INTO vehicles VALUES (20006, 'Nissan X-TRAIL 2005')
INSERT INTO vehicles VALUES (20007, 'Nissan X-TRAIL 2015')
INSERT INTO vehicles VALUES (20008, 'Nissan GT-R 2010')
INSERT INTO vehicles VALUES (20009, 'Nissan Terrano 2014')
INSERT INTO vehicles VALUES (20010, 'Nissan Pathfinder 2010')
INSERT INTO vehicles VALUES (20011, 'Toyota Mark II 2000')
INSERT INTO vehicles VALUES (20012, 'Toyota RAV-4 2010')
INSERT INTO vehicles VALUES (20013, 'Toyota RAV-4 2018')
INSERT INTO vehicles VALUES (20014, 'Toyota Corolla 2010')
INSERT INTO vehicles VALUES (20015, 'Toyota Camry 2017')
INSERT INTO vehicles VALUES (20016, 'Lexus NX 2018')
INSERT INTO vehicles VALUES (20017, 'Lexus RX 2013')
INSERT INTO vehicles VALUES (20018, 'Lexus LX 2010')
INSERT INTO vehicles VALUES (20019, 'Lexus LX 2019')
INSERT INTO vehicles VALUES (20020, 'Lexus RX 2008')

GO

INSERT INTO client_vehicles VALUES (10001, 20013, 30001,'')
INSERT INTO client_vehicles VALUES (10002, 20015, 30002,'')
INSERT INTO client_vehicles VALUES (10003, 20002, 30003,'')
INSERT INTO client_vehicles VALUES (10004, 20003, 30004,'')
INSERT INTO client_vehicles VALUES (10005, 20007, 30005,'')
INSERT INTO client_vehicles VALUES (10006, 20007, 30006,'')
INSERT INTO client_vehicles VALUES (10007, 20010, 30007,'')
INSERT INTO client_vehicles VALUES (10008, 20020, 30008,'')
INSERT INTO client_vehicles VALUES (10009, 20001, 30009,'')
INSERT INTO client_vehicles VALUES (10010, 20004, 30010,'')
INSERT INTO client_vehicles VALUES (10011, 20005, 30011,'')
INSERT INTO client_vehicles VALUES (10012, 20017, 30012,'')
INSERT INTO client_vehicles VALUES (10013, 20014, 30013,'')
INSERT INTO client_vehicles VALUES (10014, 20003, 30014,'')
INSERT INTO client_vehicles VALUES (10015, 20018, 30015,'')
INSERT INTO client_vehicles VALUES (10016, 20019, 30016,'')
INSERT INTO client_vehicles VALUES (10017, 20004, 30017,'')
INSERT INTO client_vehicles VALUES (10018, 20002, 30018,'')
INSERT INTO client_vehicles VALUES (10018, 20009, 30019,'')
INSERT INTO client_vehicles VALUES (10018, 20011, 30020,'')
INSERT INTO client_vehicles VALUES (10019, 20011, 30021,'')
INSERT INTO client_vehicles VALUES (10019, 20005, 30022,'')
INSERT INTO client_vehicles VALUES (10019, 20020, 30023,'')
INSERT INTO client_vehicles VALUES (10020, 20016, 30024,'')

GO

INSERT INTO employee VALUES(40001, 'Гуковский', 'механик', 50000, '7(473)690-77-29')
INSERT INTO employee VALUES(40002, 'Бессмертных', 'механик', 50000, '7(473)448-60-62')
INSERT INTO employee VALUES(40003, 'Дуванов', 'механик', 50000, '7(473)870-27-10')
INSERT INTO employee VALUES(40004, 'Бруевич', 'механик', 50000, '7(473)411-07-46')
INSERT INTO employee VALUES(40005, 'Толбоев', 'механик', 40000, '7(473)471-19-19')
INSERT INTO employee VALUES(40006, 'Цекало', 'механик', 40000, '7(473)571-54-43')
INSERT INTO employee VALUES(40007, 'Глебов', 'механик', 40000, '7(473)145-86-61')
INSERT INTO employee VALUES(40008, 'Филипов', 'менеджер', 60000, '7(473)730-58-79')
INSERT INTO employee VALUES(40009, 'Ягутян', 'менеджер', 60000, '7(473)414-42-49')
INSERT INTO employee VALUES(40010, 'Закревский', 'директор', 100000, '7(473)203-74-70')

GO

INSERT INTO orders VALUES (50001, 10001,40008,20000,'2020-02-15','2020-03-05','2020-03-02')
INSERT INTO orders VALUES (50002, 10002,40008,5000,'2020-01-27','2020-01-28','2020-01-28')
INSERT INTO orders VALUES (50003, 10003,40008,5000,'2020-01-19','2020-01-20','2020-01-20')
INSERT INTO orders VALUES (50004, 10004,40008,5000,'2020-01-20','2020-01-21','2020-01-21')
INSERT INTO orders VALUES (50005, 10005,40009,5000,'2020-01-28','2020-01-29','2020-01-29')
INSERT INTO orders VALUES (50006, 10006,40009,3000,'2020-02-08','2020-02-09','2020-02-10')
INSERT INTO orders VALUES (50007, 10007,40008,3000,'2020-01-25','2020-01-25','2020-01-26')
INSERT INTO orders VALUES (50008, 10008,40008,3000,'2020-01-06','2020-01-06','2020-01-06')
INSERT INTO orders VALUES (50009, 10009,40008,3000,'2020-01-13','2020-01-14','2020-01-14')
INSERT INTO orders VALUES (50010, 10010,40009,3000,'2020-02-03','2020-02-04','2020-02-05')
INSERT INTO orders VALUES (50011, 10011,40008,3000,'2020-01-10','2020-01-11','2020-01-10')
INSERT INTO orders VALUES (50012, 10012,40009,7000,'2020-01-12','2020-01-14','2020-01-14')
INSERT INTO orders VALUES (50013, 10013,40009,3000,'2020-01-26','2020-01-27','2020-01-28')
INSERT INTO orders VALUES (50014, 10014,40008,3000,'2020-02-01','2020-02-02','2020-02-04')
INSERT INTO orders VALUES (50015, 10015,40009,3000,'2020-02-09','2020-02-10','2020-02-10')
INSERT INTO orders VALUES (50016, 10016,40009,10000,'2020-01-11','2020-01-14','2020-01-15')
INSERT INTO orders VALUES (50017, 10017,40009,10000,'2020-02-02','2020-02-05','2020-02-06')
INSERT INTO orders VALUES (50018, 10018,40008,10000,'2020-01-05','2020-01-09','2020-01-09')
INSERT INTO orders VALUES (50019, 10018,40009,10000,'2020-01-01','2020-01-06','2020-01-05')
INSERT INTO orders VALUES (50020, 10018,40008,10000,'2020-01-21','2020-01-28','2020-01-28')
INSERT INTO orders VALUES (50021, 10019,40009,10000,'2020-01-23','2020-01-31','2020-01-30')
INSERT INTO orders VALUES (50022, 10019,40008,10000,'2020-01-08','2020-01-14','2020-01-14')
INSERT INTO orders VALUES (50023, 10019,40008,10000,'2020-02-13','2020-02-18','2020-02-19')
INSERT INTO orders VALUES (50024, 10020,40009,5000,'2020-01-22','2020-01-28','2020-01-28')
GO

INSERT INTO mechanics VALUES (40001, 1, 'Гуковский')
INSERT INTO mechanics VALUES (40002, 1, 'Бессмертных')
INSERT INTO mechanics VALUES (40003, 1, 'Дуванов')
INSERT INTO mechanics VALUES (40004, 1, 'Бруевич')
INSERT INTO mechanics VALUES (40005, 2, 'Толбоев')
INSERT INTO mechanics VALUES (40006, 2, 'Цекало')
INSERT INTO mechanics VALUES (40007, 2, 'Глебов')

INSERT INTO mechanics_orders VALUES(40001,50001)
INSERT INTO mechanics_orders VALUES(40002,50001)
INSERT INTO mechanics_orders VALUES(40001,50002)
INSERT INTO mechanics_orders VALUES(40001,50003)
INSERT INTO mechanics_orders VALUES(40001,50004)
INSERT INTO mechanics_orders VALUES(40002,50005)
INSERT INTO mechanics_orders VALUES(40002,50006)
INSERT INTO mechanics_orders VALUES(40002,50007)
INSERT INTO mechanics_orders VALUES(40002,50008)
INSERT INTO mechanics_orders VALUES(40002,50009)
INSERT INTO mechanics_orders VALUES(40005,50010)
INSERT INTO mechanics_orders VALUES(40005,50011)
INSERT INTO mechanics_orders VALUES(40005,50012)
INSERT INTO mechanics_orders VALUES(40004,50013)
INSERT INTO mechanics_orders VALUES(40004,50014)
INSERT INTO mechanics_orders VALUES(40004,50015)
INSERT INTO mechanics_orders VALUES(40006,50015)
INSERT INTO mechanics_orders VALUES(40006,50016)
INSERT INTO mechanics_orders VALUES(40007,50017)
INSERT INTO mechanics_orders VALUES(40007,50018)
INSERT INTO mechanics_orders VALUES(40005,50018)
INSERT INTO mechanics_orders VALUES(40003,50019)
INSERT INTO mechanics_orders VALUES(40003,50020)
INSERT INTO mechanics_orders VALUES(40003,50021)
INSERT INTO mechanics_orders VALUES(40003,50022)
INSERT INTO mechanics_orders VALUES(40003,50023)
INSERT INTO mechanics_orders VALUES(40006,50024)

GO

INSERT INTO services VALUES(60001,'ТО lexus/mercedes',5000,1)
INSERT INTO services VALUES(60002,'ТО toyota/nissan',3000,1)
INSERT INTO services VALUES(60003,'покраска(1 элемент) ',4000,5)
INSERT INTO services VALUES(60004,'полировка фар ',3000,1)
INSERT INTO services VALUES(60005,'замена масла lexus/mercedes',3000,1)
INSERT INTO services VALUES(60006,'замена масла toyota/nissan',2000,1)
INSERT INTO services VALUES(60007,'выправление вмятин lexus/mercedes',5000,5)
INSERT INTO services VALUES(60008,'выправление вмятин toyota/nissan',4000,5)
INSERT INTO services VALUES(60009,'кузовной ремонт lexus/mercedes',10000,20)
INSERT INTO services VALUES(60010,'кузовной ремонт toyota/nissan',7000,20)

INSERT INTO service_vehicle VALUES(20001,60001)
INSERT INTO service_vehicle VALUES(20001,60003)
INSERT INTO service_vehicle VALUES(20001,60004)
INSERT INTO service_vehicle VALUES(20001,60005)
INSERT INTO service_vehicle VALUES(20001,60007)
INSERT INTO service_vehicle VALUES(20001,60009)
INSERT INTO service_vehicle VALUES(20002,60001)
INSERT INTO service_vehicle VALUES(20002,60003)
INSERT INTO service_vehicle VALUES(20002,60004)
INSERT INTO service_vehicle VALUES(20002,60005)
INSERT INTO service_vehicle VALUES(20002,60007)
INSERT INTO service_vehicle VALUES(20002,60009)
INSERT INTO service_vehicle VALUES(20003,60001)
INSERT INTO service_vehicle VALUES(20003,60003)
INSERT INTO service_vehicle VALUES(20003,60004)
INSERT INTO service_vehicle VALUES(20003,60005)
INSERT INTO service_vehicle VALUES(20003,60007)
INSERT INTO service_vehicle VALUES(20003,60009)
INSERT INTO service_vehicle VALUES(20004,60001)
INSERT INTO service_vehicle VALUES(20004,60003)
INSERT INTO service_vehicle VALUES(20004,60004)
INSERT INTO service_vehicle VALUES(20004,60005)
INSERT INTO service_vehicle VALUES(20004,60007)
INSERT INTO service_vehicle VALUES(20004,60009)
INSERT INTO service_vehicle VALUES(20005,60001)
INSERT INTO service_vehicle VALUES(20005,60003)
INSERT INTO service_vehicle VALUES(20005,60004)
INSERT INTO service_vehicle VALUES(20005,60005)
INSERT INTO service_vehicle VALUES(20005,60007)
INSERT INTO service_vehicle VALUES(20005,60009)
INSERT INTO service_vehicle VALUES(20006,60002)
INSERT INTO service_vehicle VALUES(20006,60003)
INSERT INTO service_vehicle VALUES(20006,60004)
INSERT INTO service_vehicle VALUES(20006,60006)
INSERT INTO service_vehicle VALUES(20006,60008)
INSERT INTO service_vehicle VALUES(20006,60010)
INSERT INTO service_vehicle VALUES(20007,60002)
INSERT INTO service_vehicle VALUES(20007,60003)
INSERT INTO service_vehicle VALUES(20007,60004)
INSERT INTO service_vehicle VALUES(20007,60006)
INSERT INTO service_vehicle VALUES(20007,60008)
INSERT INTO service_vehicle VALUES(20007,60010)
INSERT INTO service_vehicle VALUES(20008,60002)
INSERT INTO service_vehicle VALUES(20008,60003)
INSERT INTO service_vehicle VALUES(20008,60004)
INSERT INTO service_vehicle VALUES(20008,60006)
INSERT INTO service_vehicle VALUES(20008,60008)
INSERT INTO service_vehicle VALUES(20008,60010)
INSERT INTO service_vehicle VALUES(20009,60002)
INSERT INTO service_vehicle VALUES(20009,60003)
INSERT INTO service_vehicle VALUES(20009,60004)
INSERT INTO service_vehicle VALUES(20009,60006)
INSERT INTO service_vehicle VALUES(20009,60008)
INSERT INTO service_vehicle VALUES(20009,60010)
INSERT INTO service_vehicle VALUES(20010,60002)
INSERT INTO service_vehicle VALUES(20010,60003)
INSERT INTO service_vehicle VALUES(20010,60004)
INSERT INTO service_vehicle VALUES(20010,60006)
INSERT INTO service_vehicle VALUES(20010,60008)
INSERT INTO service_vehicle VALUES(20010,60010)
INSERT INTO service_vehicle VALUES(20011,60002)
INSERT INTO service_vehicle VALUES(20011,60003)
INSERT INTO service_vehicle VALUES(20011,60004)
INSERT INTO service_vehicle VALUES(20011,60006)
INSERT INTO service_vehicle VALUES(20011,60008)
INSERT INTO service_vehicle VALUES(20011,60010)
INSERT INTO service_vehicle VALUES(20012,60002)
INSERT INTO service_vehicle VALUES(20012,60003)
INSERT INTO service_vehicle VALUES(20012,60004)
INSERT INTO service_vehicle VALUES(20012,60006)
INSERT INTO service_vehicle VALUES(20012,60008)
INSERT INTO service_vehicle VALUES(20012,60010)
INSERT INTO service_vehicle VALUES(20013,60002)
INSERT INTO service_vehicle VALUES(20013,60003)
INSERT INTO service_vehicle VALUES(20013,60004)
INSERT INTO service_vehicle VALUES(20013,60006)
INSERT INTO service_vehicle VALUES(20013,60008)
INSERT INTO service_vehicle VALUES(20013,60010)
INSERT INTO service_vehicle VALUES(20014,60002)
INSERT INTO service_vehicle VALUES(20014,60003)
INSERT INTO service_vehicle VALUES(20014,60004)
INSERT INTO service_vehicle VALUES(20014,60006)
INSERT INTO service_vehicle VALUES(20014,60008)
INSERT INTO service_vehicle VALUES(20014,60010)
INSERT INTO service_vehicle VALUES(20015,60002)
INSERT INTO service_vehicle VALUES(20015,60003)
INSERT INTO service_vehicle VALUES(20015,60004)
INSERT INTO service_vehicle VALUES(20015,60006)
INSERT INTO service_vehicle VALUES(20015,60008)
INSERT INTO service_vehicle VALUES(20015,60010)
INSERT INTO service_vehicle VALUES(20016,60001)
INSERT INTO service_vehicle VALUES(20016,60003)
INSERT INTO service_vehicle VALUES(20016,60004)
INSERT INTO service_vehicle VALUES(20016,60005)
INSERT INTO service_vehicle VALUES(20016,60007)
INSERT INTO service_vehicle VALUES(20016,60009)
INSERT INTO service_vehicle VALUES(20017,60001)
INSERT INTO service_vehicle VALUES(20017,60003)
INSERT INTO service_vehicle VALUES(20017,60004)
INSERT INTO service_vehicle VALUES(20017,60005)
INSERT INTO service_vehicle VALUES(20017,60007)
INSERT INTO service_vehicle VALUES(20017,60009)
INSERT INTO service_vehicle VALUES(20018,60001)
INSERT INTO service_vehicle VALUES(20018,60003)
INSERT INTO service_vehicle VALUES(20018,60004)
INSERT INTO service_vehicle VALUES(20018,60005)
INSERT INTO service_vehicle VALUES(20018,60007)
INSERT INTO service_vehicle VALUES(20018,60009)
INSERT INTO service_vehicle VALUES(20019,60001)
INSERT INTO service_vehicle VALUES(20019,60003)
INSERT INTO service_vehicle VALUES(20019,60004)
INSERT INTO service_vehicle VALUES(20019,60005)
INSERT INTO service_vehicle VALUES(20019,60007)
INSERT INTO service_vehicle VALUES(20019,60009)
INSERT INTO service_vehicle VALUES(20020,60001)
INSERT INTO service_vehicle VALUES(20020,60003)
INSERT INTO service_vehicle VALUES(20020,60004)
INSERT INTO service_vehicle VALUES(20020,60005)
INSERT INTO service_vehicle VALUES(20020,60007)
INSERT INTO service_vehicle VALUES(20020,60009)

GO

INSERT INTO parts VALUES(70001, 'масло U1 ',5)
INSERT INTO parts VALUES(70002, 'масло U2 ',7)
INSERT INTO parts VALUES(70003, 'краска "серебристый металик" ',2)
INSERT INTO parts VALUES(70004, 'краска "черный металик" ',3)
INSERT INTO parts VALUES(70005, 'краска "белый металик" ',0)
INSERT INTO parts VALUES(70006, 'краска "красный металик" ',4)
INSERT INTO parts VALUES(70007, 'полироль для фар ',10)
INSERT INTO parts VALUES(70008, 'задний бампер Mercedes-Benz SLS AMG 2010',0)
INSERT INTO parts VALUES(70009, 'задний бампер Mercedes-Benz SLS AMG 2015',0)
INSERT INTO parts VALUES(70010, 'задний бампер Mercedes-Benz SLS AMG 2005',0)
INSERT INTO parts VALUES(70011, 'задний бампер Mercedes-Benz GLA-Class 2013',0)
INSERT INTO parts VALUES(70012, 'задний бампер Mercedes-Benz GLC-class 2017',0)
INSERT INTO parts VALUES(70013, 'задний бампер Nissan X-TRAIL 2005',0)
INSERT INTO parts VALUES(70014, 'задний бампер Nissan X-TRAIL 2015',0)
INSERT INTO parts VALUES(70015, 'задний бампер Nissan GT-R 2010',0)
INSERT INTO parts VALUES(70016, 'задний бампер Nissan Terrano 2014',0)
INSERT INTO parts VALUES(70017, 'задний бампер Nissan Pathfinder 2010',0)
INSERT INTO parts VALUES(70018, 'задний бампер Toyota Mark II 2000',0)
INSERT INTO parts VALUES(70019, 'задний бампер Toyota RAV-4 2010',0)
INSERT INTO parts VALUES(70020, 'задний бампер Toyota RAV-4 2018',0)
INSERT INTO parts VALUES(70021, 'задний бампер Toyota Corolla 2010',0)
INSERT INTO parts VALUES(70022, 'задний бампер Toyota Camry 2017',0)
INSERT INTO parts VALUES(70023, 'задний бампер Lexus NX 2018',0)
INSERT INTO parts VALUES(70024, 'задний бампер Lexus RX 2013',2)
INSERT INTO parts VALUES(70025, 'задний бампер Lexus LX 2010',0)
INSERT INTO parts VALUES(70026, 'задний бампер Lexus LX 2019',0)
INSERT INTO parts VALUES(70027, 'задний бампер Lexus RX 2008',0)
INSERT INTO parts VALUES(70028, 'передний бампер Mercedes-Benz SLS AMG 2010',0)
INSERT INTO parts VALUES(70029, 'передний бампер Mercedes-Benz SLS AMG 2015',0)
INSERT INTO parts VALUES(70030, 'передний бампер Mercedes-Benz SLS AMG 2005',0)
INSERT INTO parts VALUES(70031, 'передний бампер Mercedes-Benz GLA-Class 2013',0)
INSERT INTO parts VALUES(70032, 'передний бампер Mercedes-Benz GLC-class 2017',0)
INSERT INTO parts VALUES(70033, 'передний бампер Nissan X-TRAIL 2005',0)
INSERT INTO parts VALUES(70034, 'передний бампер Nissan X-TRAIL 2015',0)
INSERT INTO parts VALUES(70035, 'передний бампер Nissan GT-R 2010',0)
INSERT INTO parts VALUES(70036, 'передний бампер Nissan Terrano 2014',0)
INSERT INTO parts VALUES(70037, 'передний бампер Nissan Pathfinder 2010',0)
INSERT INTO parts VALUES(70038, 'передний бампер Toyota Mark II 2000',0)
INSERT INTO parts VALUES(70039, 'передний бампер Toyota RAV-4 2010',0)
INSERT INTO parts VALUES(70040, 'передний бампер Toyota RAV-4 2018',0)
INSERT INTO parts VALUES(70041, 'передний бампер Toyota Corolla 2010',0)
INSERT INTO parts VALUES(70042, 'передний бампер Toyota Camry 2017',0)
INSERT INTO parts VALUES(70043, 'передний бампер Lexus NX 2018',0)
INSERT INTO parts VALUES(70044, 'передний бампер Lexus RX 2013',0)
INSERT INTO parts VALUES(70045, 'передний бампер Lexus LX 2010',0)
INSERT INTO parts VALUES(70046, 'передний бампер Lexus LX 2019',0)
INSERT INTO parts VALUES(70047, 'передний бампер Lexus RX 2008',0)
INSERT INTO parts VALUES(70048, 'капот Mercedes-Benz SLS AMG 2010',0)
INSERT INTO parts VALUES(70049, 'капот Mercedes-Benz SLS AMG 2015',0)
INSERT INTO parts VALUES(70050, 'капот Mercedes-Benz SLS AMG 2005',0)
INSERT INTO parts VALUES(70051, 'капот Mercedes-Benz GLA-Class 2013',0)
INSERT INTO parts VALUES(70052, 'капот Mercedes-Benz GLC-class 2017',0)
INSERT INTO parts VALUES(70053, 'капот Nissan X-TRAIL 2005',0)
INSERT INTO parts VALUES(70054, 'капот Nissan X-TRAIL 2015',1)
INSERT INTO parts VALUES(70055, 'капот Nissan GT-R 2010',0)
INSERT INTO parts VALUES(70056, 'капот Nissan Terrano 2014',0)
INSERT INTO parts VALUES(70057, 'капот Nissan Pathfinder 2010',0)
INSERT INTO parts VALUES(70058, 'капот Toyota Mark II 2000',0)
INSERT INTO parts VALUES(70059, 'капот Toyota RAV-4 2010',0)
INSERT INTO parts VALUES(70060, 'капот Toyota RAV-4 2018',0)
INSERT INTO parts VALUES(70061, 'капот Toyota Corolla 2010',0)
INSERT INTO parts VALUES(70062, 'капот Toyota Camry 2017',0)
INSERT INTO parts VALUES(70063, 'капот Lexus NX 2018',0)
INSERT INTO parts VALUES(70064, 'капот Lexus RX 2013',0)
INSERT INTO parts VALUES(70065, 'капот Lexus LX 2010',0)
INSERT INTO parts VALUES(70066, 'капот Lexus LX 2019',0)
INSERT INTO parts VALUES(70067, 'капот Lexus RX 2008',0)
INSERT INTO parts VALUES(70068, 'зеркала заднего вида Mercedes-Benz SLS AMG 2010',0)
INSERT INTO parts VALUES(70069, 'зеркала заднего вида Mercedes-Benz SLS AMG 2015',0)
INSERT INTO parts VALUES(70070, 'зеркала заднего вида Mercedes-Benz SLS AMG 2005',0)
INSERT INTO parts VALUES(70071, 'зеркала заднего вида Mercedes-Benz GLA-Class 2013',0)
INSERT INTO parts VALUES(70072, 'зеркала заднего вида Mercedes-Benz GLC-class 2017',0)
INSERT INTO parts VALUES(70073, 'зеркала заднего вида Nissan X-TRAIL 2005',0)
INSERT INTO parts VALUES(70074, 'зеркала заднего вида Nissan X-TRAIL 2015',2)
INSERT INTO parts VALUES(70075, 'зеркала заднего вида Nissan GT-R 2010',0)
INSERT INTO parts VALUES(70076, 'зеркала заднего вида Nissan Terrano 2014',0)
INSERT INTO parts VALUES(70077, 'зеркала заднего вида Nissan Pathfinder 2010',0)
INSERT INTO parts VALUES(70078, 'зеркала заднего вида Toyota Mark II 2000',0)
INSERT INTO parts VALUES(70079, 'зеркала заднего вида Toyota RAV-4 2010',0)
INSERT INTO parts VALUES(70080, 'зеркала заднего вида Toyota RAV-4 2018',0)
INSERT INTO parts VALUES(70081, 'зеркала заднего вида Toyota Corolla 2010',0)
INSERT INTO parts VALUES(70082, 'зеркала заднего вида Toyota Camry 2017',0)
INSERT INTO parts VALUES(70083, 'зеркала заднего вида Lexus NX 2018',0)
INSERT INTO parts VALUES(70084, 'зеркала заднего вида Lexus RX 2013',0)
INSERT INTO parts VALUES(70085, 'зеркала заднего вида Lexus LX 2010',0)
INSERT INTO parts VALUES(70086, 'зеркала заднего вида Lexus LX 2019',0)
INSERT INTO parts VALUES(70087, 'зеркала заднего вида Lexus RX 2008',0)
INSERT INTO parts VALUES(70088, 'левая задняя дверь  Mercedes-Benz SLS AMG 2010',0)
INSERT INTO parts VALUES(70089, 'левая задняя дверь  Mercedes-Benz SLS AMG 2015',0)
INSERT INTO parts VALUES(70090, 'левая задняя дверь  Mercedes-Benz SLS AMG 2005',0)
INSERT INTO parts VALUES(70091, 'левая задняя дверь  Mercedes-Benz GLA-Class 2013',0)
INSERT INTO parts VALUES(70092, 'левая задняя дверь  Mercedes-Benz GLC-class 2017',0)
INSERT INTO parts VALUES(70093, 'левая задняя дверь  Nissan X-TRAIL 2005',0)
INSERT INTO parts VALUES(70094, 'левая задняя дверь  Nissan X-TRAIL 2015',0)
INSERT INTO parts VALUES(70095, 'левая задняя дверь  Nissan GT-R 2010',0)
INSERT INTO parts VALUES(70096, 'левая задняя дверь  Nissan Terrano 2014',0)
INSERT INTO parts VALUES(70097, 'левая задняя дверь  Nissan Pathfinder 2010',0)
INSERT INTO parts VALUES(70098, 'левая задняя дверь  Toyota Mark II 2000',0)
INSERT INTO parts VALUES(70099, 'левая задняя дверь  Toyota RAV-4 2010',0)
INSERT INTO parts VALUES(70100, 'левая задняя дверь  Toyota RAV-4 2018',0)
INSERT INTO parts VALUES(70101, 'левая задняя дверь  Toyota Corolla 2010',0)
INSERT INTO parts VALUES(70102, 'левая задняя дверь  Toyota Camry 2017',0)
INSERT INTO parts VALUES(70103, 'левая задняя дверь  Lexus NX 2018',0)
INSERT INTO parts VALUES(70104, 'левая задняя дверь  Lexus RX 2013',0)
INSERT INTO parts VALUES(70105, 'левая задняя дверь  Lexus LX 2010',0)
INSERT INTO parts VALUES(70106, 'левая задняя дверь  Lexus LX 2019',0)
INSERT INTO parts VALUES(70107, 'левая задняя дверь  Lexus RX 2008',0)
INSERT INTO parts VALUES(70108, 'правая задняя дверь Mercedes-Benz SLS AMG 2010',0)
INSERT INTO parts VALUES(70109, 'правая задняя дверь Mercedes-Benz SLS AMG 2015',0)
INSERT INTO parts VALUES(70110, 'правая задняя дверь Mercedes-Benz SLS AMG 2005',0)
INSERT INTO parts VALUES(70111, 'правая задняя дверь Mercedes-Benz GLA-Class 2013',0)
INSERT INTO parts VALUES(70112, 'правая задняя дверь Mercedes-Benz GLC-class 2017',0)
INSERT INTO parts VALUES(70113, 'правая задняя дверь Nissan X-TRAIL 2005',0)
INSERT INTO parts VALUES(70114, 'правая задняя дверь Nissan X-TRAIL 2015',0)
INSERT INTO parts VALUES(70115, 'правая задняя дверь Nissan GT-R 2010',0)
INSERT INTO parts VALUES(70116, 'правая задняя дверь Nissan Terrano 2014',0)
INSERT INTO parts VALUES(70117, 'правая задняя дверь Nissan Pathfinder 2010',0)
INSERT INTO parts VALUES(70118, 'правая задняя дверь Toyota Mark II 2000',1)
INSERT INTO parts VALUES(70119, 'правая задняя дверь Toyota RAV-4 2010',0)
INSERT INTO parts VALUES(70120, 'правая задняя дверь Toyota RAV-4 2018',0)
INSERT INTO parts VALUES(70121, 'правая задняя дверь Toyota Corolla 2010',0)
INSERT INTO parts VALUES(70122, 'правая задняя дверь Toyota Camry 2017',0)
INSERT INTO parts VALUES(70123, 'правая задняя дверь Lexus NX 2018',0)
INSERT INTO parts VALUES(70124, 'правая задняя дверь Lexus RX 2013',0)
INSERT INTO parts VALUES(70125, 'правая задняя дверь Lexus LX 2010',0)
INSERT INTO parts VALUES(70126, 'правая задняя дверь Lexus LX 2019',0)
INSERT INTO parts VALUES(70127, 'правая задняя дверь Lexus RX 2008',0)
INSERT INTO parts VALUES(70128, 'правая передняя дверь Mercedes-Benz SLS AMG 2010',0)
INSERT INTO parts VALUES(70129, 'правая передняя дверь Mercedes-Benz SLS AMG 2015',0)
INSERT INTO parts VALUES(70130, 'правая передняя дверь Mercedes-Benz SLS AMG 2005',0)
INSERT INTO parts VALUES(70131, 'правая передняя дверь Mercedes-Benz GLA-Class 2013',0)
INSERT INTO parts VALUES(70132, 'правая передняя дверь Mercedes-Benz GLC-class 2017',0)
INSERT INTO parts VALUES(70133, 'правая передняя дверь Nissan X-TRAIL 2005',0)
INSERT INTO parts VALUES(70134, 'правая передняя дверь Nissan X-TRAIL 2015',0)
INSERT INTO parts VALUES(70135, 'правая передняя дверь Nissan GT-R 2010',0)
INSERT INTO parts VALUES(70136, 'правая передняя дверь Nissan Terrano 2014',0)
INSERT INTO parts VALUES(70137, 'правая передняя дверь Nissan Pathfinder 2010',0)
INSERT INTO parts VALUES(70138, 'правая передняя дверь Toyota Mark II 2000',0)
INSERT INTO parts VALUES(70139, 'правая передняя дверь Toyota RAV-4 2010',0)
INSERT INTO parts VALUES(70140, 'правая передняя дверь Toyota RAV-4 2018',0)
INSERT INTO parts VALUES(70141, 'правая передняя дверь Toyota Corolla 2010',0)
INSERT INTO parts VALUES(70142, 'правая передняя дверь Toyota Camry 2017',0)
INSERT INTO parts VALUES(70143, 'правая передняя дверь Lexus NX 2018',0)
INSERT INTO parts VALUES(70144, 'правая передняя дверь Lexus RX 2013',0)
INSERT INTO parts VALUES(70145, 'правая передняя дверь Lexus LX 2010',0)
INSERT INTO parts VALUES(70146, 'правая передняя дверь Lexus LX 2019',0)
INSERT INTO parts VALUES(70147, 'правая передняя дверь Lexus RX 2008',0)
INSERT INTO parts VALUES(70148, 'левая передняя дверь Mercedes-Benz SLS AMG 2010',0)
INSERT INTO parts VALUES(70149, 'левая передняя дверь Mercedes-Benz SLS AMG 2015',0)
INSERT INTO parts VALUES(70150, 'левая передняя дверь Mercedes-Benz SLS AMG 2005',0)
INSERT INTO parts VALUES(70151, 'левая передняя дверь Mercedes-Benz GLA-Class 2013',0)
INSERT INTO parts VALUES(70152, 'левая передняя дверь Mercedes-Benz GLC-class 2017',0)
INSERT INTO parts VALUES(70153, 'левая передняя дверь Nissan X-TRAIL 2005',0)
INSERT INTO parts VALUES(70154, 'левая передняя дверь Nissan X-TRAIL 2015',0)
INSERT INTO parts VALUES(70155, 'левая передняя дверь Nissan GT-R 2010',0)
INSERT INTO parts VALUES(70156, 'левая передняя дверь Nissan Terrano 2014',1)
INSERT INTO parts VALUES(70157, 'левая передняя дверь Nissan Pathfinder 2010',0)
INSERT INTO parts VALUES(70158, 'левая передняя дверь Toyota Mark II 2000',0)
INSERT INTO parts VALUES(70159, 'левая передняя дверь Toyota RAV-4 2010',0)
INSERT INTO parts VALUES(70160, 'левая передняя дверь Toyota RAV-4 2018',0)
INSERT INTO parts VALUES(70161, 'левая передняя дверь Toyota Corolla 2010',0)
INSERT INTO parts VALUES(70162, 'левая передняя дверь Toyota Camry 2017',0)
INSERT INTO parts VALUES(70163, 'левая передняя дверь Lexus NX 2018',0)
INSERT INTO parts VALUES(70164, 'левая передняя дверь Lexus RX 2013',0)
INSERT INTO parts VALUES(70165, 'левая передняя дверь Lexus LX 2010',0)
INSERT INTO parts VALUES(70166, 'левая передняя дверь Lexus LX 2019',0)
INSERT INTO parts VALUES(70167, 'левая передняя дверь Lexus RX 2008',0)
INSERT INTO parts VALUES(70168,' ',' ')
INSERT INTO parts VALUES(70169, 'фильтры u1', 6)
INSERT INTO parts VALUES(70170, 'фильтры u2', 4)
INSERT INTO parts VALUES(70171, 'грунтовка',8)

GO

INSERT INTO parts_vehicle VALUES(70001, 20001)
INSERT INTO parts_vehicle VALUES(70001, 20002)
INSERT INTO parts_vehicle VALUES(70001, 20003)
INSERT INTO parts_vehicle VALUES(70001, 20004)
INSERT INTO parts_vehicle VALUES(70001, 20005)
INSERT INTO parts_vehicle VALUES(70001, 20016)
INSERT INTO parts_vehicle VALUES(70001, 20017)
INSERT INTO parts_vehicle VALUES(70001, 20018)
INSERT INTO parts_vehicle VALUES(70001, 20019)
INSERT INTO parts_vehicle VALUES(70001, 20020)
INSERT INTO parts_vehicle VALUES(70002, 20006)
INSERT INTO parts_vehicle VALUES(70002, 20007)
INSERT INTO parts_vehicle VALUES(70002, 20008)
INSERT INTO parts_vehicle VALUES(70002, 20009)
INSERT INTO parts_vehicle VALUES(70002, 20010)
INSERT INTO parts_vehicle VALUES(70002, 20011)
INSERT INTO parts_vehicle VALUES(70002, 20012)
INSERT INTO parts_vehicle VALUES(70002, 20013)
INSERT INTO parts_vehicle VALUES(70002, 20014)
INSERT INTO parts_vehicle VALUES(70002, 20015)
INSERT INTO parts_vehicle VALUES(70003, 20001)
INSERT INTO parts_vehicle VALUES(70003, 20002)
INSERT INTO parts_vehicle VALUES(70003, 20003)
INSERT INTO parts_vehicle VALUES(70003, 20004)
INSERT INTO parts_vehicle VALUES(70003, 20005)
INSERT INTO parts_vehicle VALUES(70003, 20006)
INSERT INTO parts_vehicle VALUES(70003, 20007)
INSERT INTO parts_vehicle VALUES(70003, 20008)
INSERT INTO parts_vehicle VALUES(70003, 20009)
INSERT INTO parts_vehicle VALUES(70003, 20010)
INSERT INTO parts_vehicle VALUES(70003, 20011)
INSERT INTO parts_vehicle VALUES(70003, 20012)
INSERT INTO parts_vehicle VALUES(70003, 20013)
INSERT INTO parts_vehicle VALUES(70003, 20014)
INSERT INTO parts_vehicle VALUES(70003, 20015)
INSERT INTO parts_vehicle VALUES(70003, 20016)
INSERT INTO parts_vehicle VALUES(70003, 20017)
INSERT INTO parts_vehicle VALUES(70003, 20018)
INSERT INTO parts_vehicle VALUES(70003, 20019)
INSERT INTO parts_vehicle VALUES(70003, 20020)
INSERT INTO parts_vehicle VALUES(70004, 20001)
INSERT INTO parts_vehicle VALUES(70004, 20002)
INSERT INTO parts_vehicle VALUES(70004, 20003)
INSERT INTO parts_vehicle VALUES(70004, 20004)
INSERT INTO parts_vehicle VALUES(70004, 20005)
INSERT INTO parts_vehicle VALUES(70004, 20006)
INSERT INTO parts_vehicle VALUES(70004, 20007)
INSERT INTO parts_vehicle VALUES(70004, 20008)
INSERT INTO parts_vehicle VALUES(70004, 20009)
INSERT INTO parts_vehicle VALUES(70004, 20010)
INSERT INTO parts_vehicle VALUES(70004, 20011)
INSERT INTO parts_vehicle VALUES(70004, 20012)
INSERT INTO parts_vehicle VALUES(70004, 20013)
INSERT INTO parts_vehicle VALUES(70004, 20014)
INSERT INTO parts_vehicle VALUES(70004, 20015)
INSERT INTO parts_vehicle VALUES(70004, 20016)
INSERT INTO parts_vehicle VALUES(70004, 20017)
INSERT INTO parts_vehicle VALUES(70004, 20018)
INSERT INTO parts_vehicle VALUES(70004, 20019)
INSERT INTO parts_vehicle VALUES(70004, 20020)
INSERT INTO parts_vehicle VALUES(70005, 20001)
INSERT INTO parts_vehicle VALUES(70005, 20002)
INSERT INTO parts_vehicle VALUES(70005, 20003)
INSERT INTO parts_vehicle VALUES(70005, 20004)
INSERT INTO parts_vehicle VALUES(70005, 20005)
INSERT INTO parts_vehicle VALUES(70005, 20006)
INSERT INTO parts_vehicle VALUES(70005, 20007)
INSERT INTO parts_vehicle VALUES(70005, 20008)
INSERT INTO parts_vehicle VALUES(70005, 20009)
INSERT INTO parts_vehicle VALUES(70005, 20010)
INSERT INTO parts_vehicle VALUES(70005, 20011)
INSERT INTO parts_vehicle VALUES(70005, 20012)
INSERT INTO parts_vehicle VALUES(70005, 20013)
INSERT INTO parts_vehicle VALUES(70005, 20014)
INSERT INTO parts_vehicle VALUES(70005, 20015)
INSERT INTO parts_vehicle VALUES(70005, 20016)
INSERT INTO parts_vehicle VALUES(70005, 20017)
INSERT INTO parts_vehicle VALUES(70005, 20018)
INSERT INTO parts_vehicle VALUES(70005, 20019)
INSERT INTO parts_vehicle VALUES(70005, 20020)
INSERT INTO parts_vehicle VALUES(70006, 20001)
INSERT INTO parts_vehicle VALUES(70006, 20002)
INSERT INTO parts_vehicle VALUES(70006, 20003)
INSERT INTO parts_vehicle VALUES(70006, 20004)
INSERT INTO parts_vehicle VALUES(70006, 20005)
INSERT INTO parts_vehicle VALUES(70006, 20006)
INSERT INTO parts_vehicle VALUES(70006, 20007)
INSERT INTO parts_vehicle VALUES(70006, 20008)
INSERT INTO parts_vehicle VALUES(70006, 20009)
INSERT INTO parts_vehicle VALUES(70006, 20010)
INSERT INTO parts_vehicle VALUES(70006, 20011)
INSERT INTO parts_vehicle VALUES(70006, 20012)
INSERT INTO parts_vehicle VALUES(70006, 20013)
INSERT INTO parts_vehicle VALUES(70006, 20014)
INSERT INTO parts_vehicle VALUES(70006, 20015)
INSERT INTO parts_vehicle VALUES(70006, 20016)
INSERT INTO parts_vehicle VALUES(70006, 20017)
INSERT INTO parts_vehicle VALUES(70006, 20018)
INSERT INTO parts_vehicle VALUES(70006, 20019)
INSERT INTO parts_vehicle VALUES(70006, 20020)
INSERT INTO parts_vehicle VALUES(70007, 20001)
INSERT INTO parts_vehicle VALUES(70007, 20002)
INSERT INTO parts_vehicle VALUES(70007, 20003)
INSERT INTO parts_vehicle VALUES(70007, 20004)
INSERT INTO parts_vehicle VALUES(70007, 20005)
INSERT INTO parts_vehicle VALUES(70007, 20006)
INSERT INTO parts_vehicle VALUES(70007, 20007)
INSERT INTO parts_vehicle VALUES(70007, 20008)
INSERT INTO parts_vehicle VALUES(70007, 20009)
INSERT INTO parts_vehicle VALUES(70007, 20010)
INSERT INTO parts_vehicle VALUES(70007, 20011)
INSERT INTO parts_vehicle VALUES(70007, 20012)
INSERT INTO parts_vehicle VALUES(70007, 20013)
INSERT INTO parts_vehicle VALUES(70007, 20014)
INSERT INTO parts_vehicle VALUES(70007, 20015)
INSERT INTO parts_vehicle VALUES(70007, 20016)
INSERT INTO parts_vehicle VALUES(70007, 20017)
INSERT INTO parts_vehicle VALUES(70007, 20018)
INSERT INTO parts_vehicle VALUES(70007, 20019)
INSERT INTO parts_vehicle VALUES(70007, 20020)
INSERT INTO parts_vehicle VALUES(70008, 20001)
INSERT INTO parts_vehicle VALUES(70009, 20002)
INSERT INTO parts_vehicle VALUES(70010, 20003)
INSERT INTO parts_vehicle VALUES(70011, 20004)
INSERT INTO parts_vehicle VALUES(70012, 20005)
INSERT INTO parts_vehicle VALUES(70013, 20006)
INSERT INTO parts_vehicle VALUES(70014, 20007)
INSERT INTO parts_vehicle VALUES(70015, 20008)
INSERT INTO parts_vehicle VALUES(70016, 20009)
INSERT INTO parts_vehicle VALUES(70017, 20010)
INSERT INTO parts_vehicle VALUES(70018, 20011)
INSERT INTO parts_vehicle VALUES(70019, 20012)
INSERT INTO parts_vehicle VALUES(70020, 20013)
INSERT INTO parts_vehicle VALUES(70021, 20014)
INSERT INTO parts_vehicle VALUES(70022, 20015)
INSERT INTO parts_vehicle VALUES(70023, 20016)
INSERT INTO parts_vehicle VALUES(70024, 20017)
INSERT INTO parts_vehicle VALUES(70025, 20018)
INSERT INTO parts_vehicle VALUES(70026, 20019)
INSERT INTO parts_vehicle VALUES(70027, 20020)
INSERT INTO parts_vehicle VALUES(70028, 20001)
INSERT INTO parts_vehicle VALUES(70029, 20002)
INSERT INTO parts_vehicle VALUES(70030, 20003)
INSERT INTO parts_vehicle VALUES(70031, 20004)
INSERT INTO parts_vehicle VALUES(70032, 20005)
INSERT INTO parts_vehicle VALUES(70033, 20006)
INSERT INTO parts_vehicle VALUES(70034, 20007)
INSERT INTO parts_vehicle VALUES(70035, 20008)
INSERT INTO parts_vehicle VALUES(70036, 20009)
INSERT INTO parts_vehicle VALUES(70037, 20010)
INSERT INTO parts_vehicle VALUES(70038, 20011)
INSERT INTO parts_vehicle VALUES(70039, 20012)
INSERT INTO parts_vehicle VALUES(70040, 20013)
INSERT INTO parts_vehicle VALUES(70041, 20014)
INSERT INTO parts_vehicle VALUES(70042, 20015)
INSERT INTO parts_vehicle VALUES(70043, 20016)
INSERT INTO parts_vehicle VALUES(70044, 20017)
INSERT INTO parts_vehicle VALUES(70045, 20018)
INSERT INTO parts_vehicle VALUES(70046, 20019)
INSERT INTO parts_vehicle VALUES(70047, 20020)
INSERT INTO parts_vehicle VALUES(70048, 20001)
INSERT INTO parts_vehicle VALUES(70049, 20002)
INSERT INTO parts_vehicle VALUES(70050, 20003)
INSERT INTO parts_vehicle VALUES(70051, 20004)
INSERT INTO parts_vehicle VALUES(70052, 20005)
INSERT INTO parts_vehicle VALUES(70053, 20006)
INSERT INTO parts_vehicle VALUES(70054, 20007)
INSERT INTO parts_vehicle VALUES(70055, 20008)
INSERT INTO parts_vehicle VALUES(70056, 20009)
INSERT INTO parts_vehicle VALUES(70057, 20010)
INSERT INTO parts_vehicle VALUES(70058, 20011)
INSERT INTO parts_vehicle VALUES(70059, 20012)
INSERT INTO parts_vehicle VALUES(70060, 20013)
INSERT INTO parts_vehicle VALUES(70061, 20014)
INSERT INTO parts_vehicle VALUES(70062, 20015)
INSERT INTO parts_vehicle VALUES(70063, 20016)
INSERT INTO parts_vehicle VALUES(70064, 20017)
INSERT INTO parts_vehicle VALUES(70065, 20018)
INSERT INTO parts_vehicle VALUES(70066, 20019)
INSERT INTO parts_vehicle VALUES(70067, 20020)
INSERT INTO parts_vehicle VALUES(70068, 20001)
INSERT INTO parts_vehicle VALUES(70069, 20002)
INSERT INTO parts_vehicle VALUES(70070, 20003)
INSERT INTO parts_vehicle VALUES(70071, 20004)
INSERT INTO parts_vehicle VALUES(70072, 20005)
INSERT INTO parts_vehicle VALUES(70073, 20006)
INSERT INTO parts_vehicle VALUES(70074, 20007)
INSERT INTO parts_vehicle VALUES(70075, 20008)
INSERT INTO parts_vehicle VALUES(70076, 20009)
INSERT INTO parts_vehicle VALUES(70077, 20010)
INSERT INTO parts_vehicle VALUES(70078, 20011)
INSERT INTO parts_vehicle VALUES(70079, 20012)
INSERT INTO parts_vehicle VALUES(70080, 20013)
INSERT INTO parts_vehicle VALUES(70081, 20014)
INSERT INTO parts_vehicle VALUES(70082, 20015)
INSERT INTO parts_vehicle VALUES(70083, 20016)
INSERT INTO parts_vehicle VALUES(70084, 20017)
INSERT INTO parts_vehicle VALUES(70085, 20018)
INSERT INTO parts_vehicle VALUES(70086, 20019)
INSERT INTO parts_vehicle VALUES(70087, 20020)
INSERT INTO parts_vehicle VALUES(70088, 20001)
INSERT INTO parts_vehicle VALUES(70089, 20002)
INSERT INTO parts_vehicle VALUES(70090, 20003)
INSERT INTO parts_vehicle VALUES(70091, 20004)
INSERT INTO parts_vehicle VALUES(70092, 20005)
INSERT INTO parts_vehicle VALUES(70093, 20006)
INSERT INTO parts_vehicle VALUES(70094, 20007)
INSERT INTO parts_vehicle VALUES(70095, 20008)
INSERT INTO parts_vehicle VALUES(70096, 20009)
INSERT INTO parts_vehicle VALUES(70097, 20010)
INSERT INTO parts_vehicle VALUES(70098, 20011)
INSERT INTO parts_vehicle VALUES(70099, 20012)
INSERT INTO parts_vehicle VALUES(70100, 20013)
INSERT INTO parts_vehicle VALUES(70101, 20014)
INSERT INTO parts_vehicle VALUES(70102, 20015)
INSERT INTO parts_vehicle VALUES(70103, 20016)
INSERT INTO parts_vehicle VALUES(70104, 20017)
INSERT INTO parts_vehicle VALUES(70105, 20018)
INSERT INTO parts_vehicle VALUES(70106, 20019)
INSERT INTO parts_vehicle VALUES(70107, 20020)
INSERT INTO parts_vehicle VALUES(70108, 20001)
INSERT INTO parts_vehicle VALUES(70109, 20002)
INSERT INTO parts_vehicle VALUES(70110, 20003)
INSERT INTO parts_vehicle VALUES(70111, 20004)
INSERT INTO parts_vehicle VALUES(70112, 20005)
INSERT INTO parts_vehicle VALUES(70113, 20006)
INSERT INTO parts_vehicle VALUES(70114, 20007)
INSERT INTO parts_vehicle VALUES(70115, 20008)
INSERT INTO parts_vehicle VALUES(70116, 20009)
INSERT INTO parts_vehicle VALUES(70117, 20010)
INSERT INTO parts_vehicle VALUES(70118, 20011)
INSERT INTO parts_vehicle VALUES(70119, 20012)
INSERT INTO parts_vehicle VALUES(70120, 20013)
INSERT INTO parts_vehicle VALUES(70121, 20014)
INSERT INTO parts_vehicle VALUES(70122, 20015)
INSERT INTO parts_vehicle VALUES(70123, 20016)
INSERT INTO parts_vehicle VALUES(70124, 20017)
INSERT INTO parts_vehicle VALUES(70125, 20018)
INSERT INTO parts_vehicle VALUES(70126, 20019)
INSERT INTO parts_vehicle VALUES(70127, 20020)
INSERT INTO parts_vehicle VALUES(70128, 20001)
INSERT INTO parts_vehicle VALUES(70129, 20002)
INSERT INTO parts_vehicle VALUES(70130, 20003)
INSERT INTO parts_vehicle VALUES(70131, 20004)
INSERT INTO parts_vehicle VALUES(70132, 20005)
INSERT INTO parts_vehicle VALUES(70133, 20006)
INSERT INTO parts_vehicle VALUES(70134, 20007)
INSERT INTO parts_vehicle VALUES(70135, 20008)
INSERT INTO parts_vehicle VALUES(70136, 20009)
INSERT INTO parts_vehicle VALUES(70137, 20010)
INSERT INTO parts_vehicle VALUES(70138, 20011)
INSERT INTO parts_vehicle VALUES(70139, 20012)
INSERT INTO parts_vehicle VALUES(70140, 20013)
INSERT INTO parts_vehicle VALUES(70141, 20014)
INSERT INTO parts_vehicle VALUES(70142, 20015)
INSERT INTO parts_vehicle VALUES(70143, 20016)
INSERT INTO parts_vehicle VALUES(70144, 20017)
INSERT INTO parts_vehicle VALUES(70145, 20018)
INSERT INTO parts_vehicle VALUES(70146, 20019)
INSERT INTO parts_vehicle VALUES(70147, 20020)
INSERT INTO parts_vehicle VALUES(70148, 20001)
INSERT INTO parts_vehicle VALUES(70149, 20002)
INSERT INTO parts_vehicle VALUES(70150, 20003)
INSERT INTO parts_vehicle VALUES(70151, 20004)
INSERT INTO parts_vehicle VALUES(70152, 20005)
INSERT INTO parts_vehicle VALUES(70153, 20006)
INSERT INTO parts_vehicle VALUES(70154, 20007)
INSERT INTO parts_vehicle VALUES(70155, 20008)
INSERT INTO parts_vehicle VALUES(70156, 20009)
INSERT INTO parts_vehicle VALUES(70157, 20010)
INSERT INTO parts_vehicle VALUES(70158, 20011)
INSERT INTO parts_vehicle VALUES(70159, 20012)
INSERT INTO parts_vehicle VALUES(70160, 20013)
INSERT INTO parts_vehicle VALUES(70161, 20014)
INSERT INTO parts_vehicle VALUES(70162, 20015)
INSERT INTO parts_vehicle VALUES(70163, 20016)
INSERT INTO parts_vehicle VALUES(70164, 20017)
INSERT INTO parts_vehicle VALUES(70165, 20018)
INSERT INTO parts_vehicle VALUES(70166, 20019)
INSERT INTO parts_vehicle VALUES(70167, 20020)

GO

INSERT INTO suppliers VALUES(80001, 'ALPHA','7(473)324-55-86')
INSERT INTO suppliers VALUES(80002, 'BETA','7(473)126-74-80')
INSERT INTO suppliers VALUES(80003, 'GAMMA','7(473)887-68-94')

INSERT INTO parts_suppliers VALUES(70001,80001)
INSERT INTO parts_suppliers VALUES(70002,80001)
INSERT INTO parts_suppliers VALUES(70003,80001)
INSERT INTO parts_suppliers VALUES(70004,80001)
INSERT INTO parts_suppliers VALUES(70005,80001)
INSERT INTO parts_suppliers VALUES(70006,80001)
INSERT INTO parts_suppliers VALUES(70007,80001)
INSERT INTO parts_suppliers VALUES(70008,80002)
INSERT INTO parts_suppliers VALUES(70009,80002)
INSERT INTO parts_suppliers VALUES(70010,80002)
INSERT INTO parts_suppliers VALUES(70011,80002)
INSERT INTO parts_suppliers VALUES(70012,80002)
INSERT INTO parts_suppliers VALUES(70013,80002)
INSERT INTO parts_suppliers VALUES(70014,80002)
INSERT INTO parts_suppliers VALUES(70015,80002)
INSERT INTO parts_suppliers VALUES(70016,80002)
INSERT INTO parts_suppliers VALUES(70017,80002)
INSERT INTO parts_suppliers VALUES(70018,80002)
INSERT INTO parts_suppliers VALUES(70019,80002)
INSERT INTO parts_suppliers VALUES(70020,80002)
INSERT INTO parts_suppliers VALUES(70021,80002)
INSERT INTO parts_suppliers VALUES(70022,80002)
INSERT INTO parts_suppliers VALUES(70023,80002)
INSERT INTO parts_suppliers VALUES(70024,80002)
INSERT INTO parts_suppliers VALUES(70025,80002)
INSERT INTO parts_suppliers VALUES(70026,80002)
INSERT INTO parts_suppliers VALUES(70027,80002)
INSERT INTO parts_suppliers VALUES(70028,80002)
INSERT INTO parts_suppliers VALUES(70029,80002)
INSERT INTO parts_suppliers VALUES(70030,80002)
INSERT INTO parts_suppliers VALUES(70031,80002)
INSERT INTO parts_suppliers VALUES(70032,80002)
INSERT INTO parts_suppliers VALUES(70033,80002)
INSERT INTO parts_suppliers VALUES(70034,80002)
INSERT INTO parts_suppliers VALUES(70035,80002)
INSERT INTO parts_suppliers VALUES(70036,80002)
INSERT INTO parts_suppliers VALUES(70037,80002)
INSERT INTO parts_suppliers VALUES(70038,80002)
INSERT INTO parts_suppliers VALUES(70039,80002)
INSERT INTO parts_suppliers VALUES(70040,80002)
INSERT INTO parts_suppliers VALUES(70041,80002)
INSERT INTO parts_suppliers VALUES(70042,80002)
INSERT INTO parts_suppliers VALUES(70043,80002)
INSERT INTO parts_suppliers VALUES(70044,80002)
INSERT INTO parts_suppliers VALUES(70045,80002)
INSERT INTO parts_suppliers VALUES(70046,80002)
INSERT INTO parts_suppliers VALUES(70047,80002)
INSERT INTO parts_suppliers VALUES(70048,80002)
INSERT INTO parts_suppliers VALUES(70049,80002)
INSERT INTO parts_suppliers VALUES(70050,80002)
INSERT INTO parts_suppliers VALUES(70051,80002)
INSERT INTO parts_suppliers VALUES(70052,80002)
INSERT INTO parts_suppliers VALUES(70053,80002)
INSERT INTO parts_suppliers VALUES(70054,80002)
INSERT INTO parts_suppliers VALUES(70055,80002)
INSERT INTO parts_suppliers VALUES(70056,80002)
INSERT INTO parts_suppliers VALUES(70057,80002)
INSERT INTO parts_suppliers VALUES(70058,80002)
INSERT INTO parts_suppliers VALUES(70059,80002)
INSERT INTO parts_suppliers VALUES(70060,80002)
INSERT INTO parts_suppliers VALUES(70061,80002)
INSERT INTO parts_suppliers VALUES(70062,80002)
INSERT INTO parts_suppliers VALUES(70063,80002)
INSERT INTO parts_suppliers VALUES(70064,80002)
INSERT INTO parts_suppliers VALUES(70065,80002)
INSERT INTO parts_suppliers VALUES(70066,80002)
INSERT INTO parts_suppliers VALUES(70067,80002)
INSERT INTO parts_suppliers VALUES(70068,80002)
INSERT INTO parts_suppliers VALUES(70069,80002)
INSERT INTO parts_suppliers VALUES(70070,80002)
INSERT INTO parts_suppliers VALUES(70071,80002)
INSERT INTO parts_suppliers VALUES(70072,80002)
INSERT INTO parts_suppliers VALUES(70073,80002)
INSERT INTO parts_suppliers VALUES(70074,80002)
INSERT INTO parts_suppliers VALUES(70075,80002)
INSERT INTO parts_suppliers VALUES(70076,80002)
INSERT INTO parts_suppliers VALUES(70077,80002)
INSERT INTO parts_suppliers VALUES(70078,80002)
INSERT INTO parts_suppliers VALUES(70079,80002)
INSERT INTO parts_suppliers VALUES(70080,80002)
INSERT INTO parts_suppliers VALUES(70081,80002)
INSERT INTO parts_suppliers VALUES(70082,80002)
INSERT INTO parts_suppliers VALUES(70083,80002)
INSERT INTO parts_suppliers VALUES(70084,80002)
INSERT INTO parts_suppliers VALUES(70085,80002)
INSERT INTO parts_suppliers VALUES(70086,80002)
INSERT INTO parts_suppliers VALUES(70087,80002)
INSERT INTO parts_suppliers VALUES(70088,80002)
INSERT INTO parts_suppliers VALUES(70089,80002)
INSERT INTO parts_suppliers VALUES(70090,80002)
INSERT INTO parts_suppliers VALUES(70091,80002)
INSERT INTO parts_suppliers VALUES(70092,80002)
INSERT INTO parts_suppliers VALUES(70093,80002)
INSERT INTO parts_suppliers VALUES(70094,80002)
INSERT INTO parts_suppliers VALUES(70095,80002)
INSERT INTO parts_suppliers VALUES(70096,80002)
INSERT INTO parts_suppliers VALUES(70097,80002)
INSERT INTO parts_suppliers VALUES(70098,80002)
INSERT INTO parts_suppliers VALUES(70099,80002)
INSERT INTO parts_suppliers VALUES(70100,80002)
INSERT INTO parts_suppliers VALUES(70101,80002)
INSERT INTO parts_suppliers VALUES(70102,80002)
INSERT INTO parts_suppliers VALUES(70103,80002)
INSERT INTO parts_suppliers VALUES(70104,80002)
INSERT INTO parts_suppliers VALUES(70105,80002)
INSERT INTO parts_suppliers VALUES(70106,80002)
INSERT INTO parts_suppliers VALUES(70107,80002)
INSERT INTO parts_suppliers VALUES(70108,80002)
INSERT INTO parts_suppliers VALUES(70109,80002)
INSERT INTO parts_suppliers VALUES(70110,80002)
INSERT INTO parts_suppliers VALUES(70111,80002)
INSERT INTO parts_suppliers VALUES(70112,80002)
INSERT INTO parts_suppliers VALUES(70113,80002)
INSERT INTO parts_suppliers VALUES(70114,80002)
INSERT INTO parts_suppliers VALUES(70115,80002)
INSERT INTO parts_suppliers VALUES(70116,80002)
INSERT INTO parts_suppliers VALUES(70117,80002)
INSERT INTO parts_suppliers VALUES(70118,80002)
INSERT INTO parts_suppliers VALUES(70119,80002)
INSERT INTO parts_suppliers VALUES(70120,80002)
INSERT INTO parts_suppliers VALUES(70121,80002)
INSERT INTO parts_suppliers VALUES(70122,80002)
INSERT INTO parts_suppliers VALUES(70123,80002)
INSERT INTO parts_suppliers VALUES(70124,80002)
INSERT INTO parts_suppliers VALUES(70125,80002)
INSERT INTO parts_suppliers VALUES(70126,80002)
INSERT INTO parts_suppliers VALUES(70127,80002)
INSERT INTO parts_suppliers VALUES(70128,80002)
INSERT INTO parts_suppliers VALUES(70129,80002)
INSERT INTO parts_suppliers VALUES(70130,80002)
INSERT INTO parts_suppliers VALUES(70131,80002)
INSERT INTO parts_suppliers VALUES(70132,80002)
INSERT INTO parts_suppliers VALUES(70133,80002)
INSERT INTO parts_suppliers VALUES(70134,80002)
INSERT INTO parts_suppliers VALUES(70135,80002)
INSERT INTO parts_suppliers VALUES(70136,80002)
INSERT INTO parts_suppliers VALUES(70137,80002)
INSERT INTO parts_suppliers VALUES(70138,80002)
INSERT INTO parts_suppliers VALUES(70139,80002)
INSERT INTO parts_suppliers VALUES(70140,80002)
INSERT INTO parts_suppliers VALUES(70141,80002)
INSERT INTO parts_suppliers VALUES(70142,80002)
INSERT INTO parts_suppliers VALUES(70143,80002)
INSERT INTO parts_suppliers VALUES(70144,80002)
INSERT INTO parts_suppliers VALUES(70145,80002)
INSERT INTO parts_suppliers VALUES(70146,80002)
INSERT INTO parts_suppliers VALUES(70147,80002)
INSERT INTO parts_suppliers VALUES(70148,80002)
INSERT INTO parts_suppliers VALUES(70149,80002)
INSERT INTO parts_suppliers VALUES(70150,80002)
INSERT INTO parts_suppliers VALUES(70151,80002)
INSERT INTO parts_suppliers VALUES(70152,80002)
INSERT INTO parts_suppliers VALUES(70153,80002)
INSERT INTO parts_suppliers VALUES(70154,80002)
INSERT INTO parts_suppliers VALUES(70155,80002)
INSERT INTO parts_suppliers VALUES(70156,80002)
INSERT INTO parts_suppliers VALUES(70157,80002)
INSERT INTO parts_suppliers VALUES(70158,80002)
INSERT INTO parts_suppliers VALUES(70159,80002)
INSERT INTO parts_suppliers VALUES(70160,80002)
INSERT INTO parts_suppliers VALUES(70161,80002)
INSERT INTO parts_suppliers VALUES(70162,80002)
INSERT INTO parts_suppliers VALUES(70163,80002)
INSERT INTO parts_suppliers VALUES(70164,80002)
INSERT INTO parts_suppliers VALUES(70165,80002)
INSERT INTO parts_suppliers VALUES(70166,80002)
INSERT INTO parts_suppliers VALUES(70167,80002)
INSERT INTO parts_suppliers VALUES(70008,80003)
INSERT INTO parts_suppliers VALUES(70009,80003)
INSERT INTO parts_suppliers VALUES(70010,80003)
INSERT INTO parts_suppliers VALUES(70011,80003)
INSERT INTO parts_suppliers VALUES(70012,80003)
INSERT INTO parts_suppliers VALUES(70013,80003)
INSERT INTO parts_suppliers VALUES(70014,80003)
INSERT INTO parts_suppliers VALUES(70015,80003)
INSERT INTO parts_suppliers VALUES(70016,80003)
INSERT INTO parts_suppliers VALUES(70017,80003)
INSERT INTO parts_suppliers VALUES(70018,80003)
INSERT INTO parts_suppliers VALUES(70019,80003)
INSERT INTO parts_suppliers VALUES(70020,80003)
INSERT INTO parts_suppliers VALUES(70021,80003)
INSERT INTO parts_suppliers VALUES(70022,80003)
INSERT INTO parts_suppliers VALUES(70023,80003)
INSERT INTO parts_suppliers VALUES(70024,80003)
INSERT INTO parts_suppliers VALUES(70025,80003)
INSERT INTO parts_suppliers VALUES(70026,80003)
INSERT INTO parts_suppliers VALUES(70027,80003)
INSERT INTO parts_suppliers VALUES(70028,80003)
INSERT INTO parts_suppliers VALUES(70029,80003)
INSERT INTO parts_suppliers VALUES(70030,80003)
INSERT INTO parts_suppliers VALUES(70031,80003)
INSERT INTO parts_suppliers VALUES(70032,80003)
INSERT INTO parts_suppliers VALUES(70033,80003)
INSERT INTO parts_suppliers VALUES(70034,80003)
INSERT INTO parts_suppliers VALUES(70035,80003)
INSERT INTO parts_suppliers VALUES(70036,80003)
INSERT INTO parts_suppliers VALUES(70037,80003)
INSERT INTO parts_suppliers VALUES(70038,80003)
INSERT INTO parts_suppliers VALUES(70039,80003)
INSERT INTO parts_suppliers VALUES(70040,80003)
INSERT INTO parts_suppliers VALUES(70041,80003)
INSERT INTO parts_suppliers VALUES(70042,80003)
INSERT INTO parts_suppliers VALUES(70043,80003)
INSERT INTO parts_suppliers VALUES(70044,80003)
INSERT INTO parts_suppliers VALUES(70045,80003)
INSERT INTO parts_suppliers VALUES(70046,80003)
INSERT INTO parts_suppliers VALUES(70047,80003)
INSERT INTO parts_suppliers VALUES(70048,80003)
INSERT INTO parts_suppliers VALUES(70049,80003)
INSERT INTO parts_suppliers VALUES(70050,80003)
INSERT INTO parts_suppliers VALUES(70051,80003)
INSERT INTO parts_suppliers VALUES(70052,80003)
INSERT INTO parts_suppliers VALUES(70053,80003)
INSERT INTO parts_suppliers VALUES(70054,80003)
INSERT INTO parts_suppliers VALUES(70055,80003)
INSERT INTO parts_suppliers VALUES(70056,80003)
INSERT INTO parts_suppliers VALUES(70057,80003)
INSERT INTO parts_suppliers VALUES(70058,80003)
INSERT INTO parts_suppliers VALUES(70059,80003)
INSERT INTO parts_suppliers VALUES(70060,80003)
INSERT INTO parts_suppliers VALUES(70061,80003)
INSERT INTO parts_suppliers VALUES(70062,80003)
INSERT INTO parts_suppliers VALUES(70063,80003)
INSERT INTO parts_suppliers VALUES(70064,80003)
INSERT INTO parts_suppliers VALUES(70065,80003)
INSERT INTO parts_suppliers VALUES(70066,80003)
INSERT INTO parts_suppliers VALUES(70067,80003)
INSERT INTO parts_suppliers VALUES(70068,80003)
INSERT INTO parts_suppliers VALUES(70069,80003)
INSERT INTO parts_suppliers VALUES(70070,80003)
INSERT INTO parts_suppliers VALUES(70071,80003)
INSERT INTO parts_suppliers VALUES(70072,80003)
INSERT INTO parts_suppliers VALUES(70073,80003)
INSERT INTO parts_suppliers VALUES(70074,80003)
INSERT INTO parts_suppliers VALUES(70075,80003)
INSERT INTO parts_suppliers VALUES(70076,80003)
INSERT INTO parts_suppliers VALUES(70077,80003)
INSERT INTO parts_suppliers VALUES(70078,80003)
INSERT INTO parts_suppliers VALUES(70079,80003)
INSERT INTO parts_suppliers VALUES(70080,80003)
INSERT INTO parts_suppliers VALUES(70081,80003)
INSERT INTO parts_suppliers VALUES(70082,80003)
INSERT INTO parts_suppliers VALUES(70083,80003)
INSERT INTO parts_suppliers VALUES(70084,80003)
INSERT INTO parts_suppliers VALUES(70085,80003)
INSERT INTO parts_suppliers VALUES(70086,80003)
INSERT INTO parts_suppliers VALUES(70087,80003)
INSERT INTO parts_suppliers VALUES(70088,80003)
INSERT INTO parts_suppliers VALUES(70089,80003)
INSERT INTO parts_suppliers VALUES(70090,80003)
INSERT INTO parts_suppliers VALUES(70091,80003)
INSERT INTO parts_suppliers VALUES(70092,80003)
INSERT INTO parts_suppliers VALUES(70093,80003)
INSERT INTO parts_suppliers VALUES(70094,80003)
INSERT INTO parts_suppliers VALUES(70095,80003)
INSERT INTO parts_suppliers VALUES(70096,80003)
INSERT INTO parts_suppliers VALUES(70097,80003)
INSERT INTO parts_suppliers VALUES(70098,80003)
INSERT INTO parts_suppliers VALUES(70099,80003)
INSERT INTO parts_suppliers VALUES(70100,80003)
INSERT INTO parts_suppliers VALUES(70101,80003)
INSERT INTO parts_suppliers VALUES(70102,80003)
INSERT INTO parts_suppliers VALUES(70103,80003)
INSERT INTO parts_suppliers VALUES(70104,80003)
INSERT INTO parts_suppliers VALUES(70105,80003)
INSERT INTO parts_suppliers VALUES(70106,80003)
INSERT INTO parts_suppliers VALUES(70107,80003)
INSERT INTO parts_suppliers VALUES(70108,80003)
INSERT INTO parts_suppliers VALUES(70109,80003)
INSERT INTO parts_suppliers VALUES(70110,80003)
INSERT INTO parts_suppliers VALUES(70111,80003)
INSERT INTO parts_suppliers VALUES(70112,80003)
INSERT INTO parts_suppliers VALUES(70113,80003)
INSERT INTO parts_suppliers VALUES(70114,80003)
INSERT INTO parts_suppliers VALUES(70115,80003)
INSERT INTO parts_suppliers VALUES(70116,80003)
INSERT INTO parts_suppliers VALUES(70117,80003)
INSERT INTO parts_suppliers VALUES(70118,80003)
INSERT INTO parts_suppliers VALUES(70119,80003)
INSERT INTO parts_suppliers VALUES(70120,80003)
INSERT INTO parts_suppliers VALUES(70121,80003)
INSERT INTO parts_suppliers VALUES(70122,80003)
INSERT INTO parts_suppliers VALUES(70123,80003)
INSERT INTO parts_suppliers VALUES(70124,80003)
INSERT INTO parts_suppliers VALUES(70125,80003)
INSERT INTO parts_suppliers VALUES(70126,80003)
INSERT INTO parts_suppliers VALUES(70127,80003)
INSERT INTO parts_suppliers VALUES(70128,80003)
INSERT INTO parts_suppliers VALUES(70129,80003)
INSERT INTO parts_suppliers VALUES(70130,80003)
INSERT INTO parts_suppliers VALUES(70131,80003)
INSERT INTO parts_suppliers VALUES(70132,80003)
INSERT INTO parts_suppliers VALUES(70133,80003)
INSERT INTO parts_suppliers VALUES(70134,80003)
INSERT INTO parts_suppliers VALUES(70135,80003)
INSERT INTO parts_suppliers VALUES(70136,80003)
INSERT INTO parts_suppliers VALUES(70137,80003)
INSERT INTO parts_suppliers VALUES(70138,80003)
INSERT INTO parts_suppliers VALUES(70139,80003)
INSERT INTO parts_suppliers VALUES(70140,80003)
INSERT INTO parts_suppliers VALUES(70141,80003)
INSERT INTO parts_suppliers VALUES(70142,80003)
INSERT INTO parts_suppliers VALUES(70143,80003)
INSERT INTO parts_suppliers VALUES(70144,80003)
INSERT INTO parts_suppliers VALUES(70145,80003)
INSERT INTO parts_suppliers VALUES(70146,80003)
INSERT INTO parts_suppliers VALUES(70147,80003)
INSERT INTO parts_suppliers VALUES(70148,80003)
INSERT INTO parts_suppliers VALUES(70149,80003)
INSERT INTO parts_suppliers VALUES(70150,80003)
INSERT INTO parts_suppliers VALUES(70151,80003)
INSERT INTO parts_suppliers VALUES(70152,80003)
INSERT INTO parts_suppliers VALUES(70153,80003)
INSERT INTO parts_suppliers VALUES(70154,80003)
INSERT INTO parts_suppliers VALUES(70155,80003)
INSERT INTO parts_suppliers VALUES(70156,80003)
INSERT INTO parts_suppliers VALUES(70157,80003)
INSERT INTO parts_suppliers VALUES(70158,80003)
INSERT INTO parts_suppliers VALUES(70159,80003)
INSERT INTO parts_suppliers VALUES(70160,80003)
INSERT INTO parts_suppliers VALUES(70161,80003)
INSERT INTO parts_suppliers VALUES(70162,80003)
INSERT INTO parts_suppliers VALUES(70163,80003)
INSERT INTO parts_suppliers VALUES(70164,80003)
INSERT INTO parts_suppliers VALUES(70165,80003)
INSERT INTO parts_suppliers VALUES(70166,80003)
INSERT INTO parts_suppliers VALUES(70167,80003)

GO

INSERT INTO part_orders VALUES(90001, 80001, 70001, 20, 10000)
INSERT INTO part_orders VALUES(90001, 80001, 70002, 20, 8000)
INSERT INTO part_orders VALUES(90001, 80001, 70003, 10, 10000)
INSERT INTO part_orders VALUES(90001, 80001, 70004, 10, 10000)
INSERT INTO part_orders VALUES(90001, 80001, 70005, 10, 10000)
INSERT INTO part_orders VALUES(90001, 80001, 70006, 10, 10000)
INSERT INTO part_orders VALUES(90001, 80001, 70007, 20, 3000)
INSERT INTO part_orders VALUES(90002, 80002, 70118, 1, 10000)
INSERT INTO part_orders VALUES(90002, 80002, 70156, 1, 10000)
INSERT INTO part_orders VALUES(90003, 80003, 70054, 1, 10000)
INSERT INTO part_orders VALUES(90004, 80002, 70024, 2, 20000)
INSERT INTO part_orders VALUES(90005, 80003, 70074, 2, 10000)


INSERT INTO subservices VALUES (11001,'замена масла(сложная) ')
INSERT INTO subservices VALUES (11002,'замена масла  ')
INSERT INTO subservices VALUES (11003,'общий осмотр ')
INSERT INTO subservices VALUES (11004,'замена фильтров  ')
INSERT INTO subservices VALUES (11005,'замена фильтров(сложная) ')
INSERT INTO subservices VALUES (11006,'замена левой задней двери Mercedes-Benz SLS AMG 2010')
INSERT INTO subservices VALUES (11007,'замена левой задней двери Mercedes-Benz SLS AMG 2015')
INSERT INTO subservices VALUES (11008,'замена левой задней двери Mercedes-Benz SLS AMG 2005')
INSERT INTO subservices VALUES (11009,'замена левой задней двери Mercedes-Benz GLA-Class 2013')
INSERT INTO subservices VALUES (11010,'замена левой задней двери Mercedes-Benz GLC-class 2017')
INSERT INTO subservices VALUES (11011,'замена левой задней двери Nissan X-TRAIL 2005')
INSERT INTO subservices VALUES (11012,'замена левой задней двери Nissan X-TRAIL 2015')
INSERT INTO subservices VALUES (11013,'замена левой задней двери Nissan GT-R 2010')
INSERT INTO subservices VALUES (11014,'замена левой задней двери Nissan Terrano 2014')
INSERT INTO subservices VALUES (11015,'замена левой задней двери Nissan Pathfinder 2010')
INSERT INTO subservices VALUES (11016,'замена левой задней двери Toyota Mark II 2000')
INSERT INTO subservices VALUES (11017,'замена левой задней двери Toyota RAV-4 2010')
INSERT INTO subservices VALUES (11018,'замена левой задней двери Toyota RAV-4 2018')
INSERT INTO subservices VALUES (11019,'замена левой задней двери Toyota Corolla 2010')
INSERT INTO subservices VALUES (11020,'замена левой задней двери Toyota Camry 2017')
INSERT INTO subservices VALUES (11021,'замена левой задней двери Lexus NX 2018')
INSERT INTO subservices VALUES (11022,'замена левой задней двери Lexus RX 2013')
INSERT INTO subservices VALUES (11023,'замена левой задней двери Lexus LX 2010')
INSERT INTO subservices VALUES (11024,'замена левой задней двери Lexus LX 2019')
INSERT INTO subservices VALUES (11025,'замена левой задней двери Lexus RX 2008')
INSERT INTO subservices VALUES (11026,'замена правой задней двери Mercedes-Benz SLS AMG 2010')
INSERT INTO subservices VALUES (11027,'замена правой задней двери Mercedes-Benz SLS AMG 2015')
INSERT INTO subservices VALUES (11028,'замена правой задней двери Mercedes-Benz SLS AMG 2005')
INSERT INTO subservices VALUES (11029,'замена правой задней двери Mercedes-Benz GLA-Class 2013')
INSERT INTO subservices VALUES (11030,'замена правой задней двери Mercedes-Benz GLC-class 2017')
INSERT INTO subservices VALUES (11031,'замена правой задней двери Nissan X-TRAIL 2005')
INSERT INTO subservices VALUES (11032,'замена правой задней двери Nissan X-TRAIL 2015')
INSERT INTO subservices VALUES (11033,'замена правой задней двери Nissan GT-R 2010')
INSERT INTO subservices VALUES (11034,'замена правой задней двери Nissan Terrano 2014')
INSERT INTO subservices VALUES (11035,'замена правой задней двери Nissan Pathfinder 2010')
INSERT INTO subservices VALUES (11036,'замена правой задней двери Toyota Mark II 2000')
INSERT INTO subservices VALUES (11037,'замена правой задней двери Toyota RAV-4 2010')
INSERT INTO subservices VALUES (11038,'замена правой задней двери Toyota RAV-4 2018')
INSERT INTO subservices VALUES (11039,'замена правой задней двери Toyota Corolla 2010')
INSERT INTO subservices VALUES (11040,'замена правой задней двери Toyota Camry 2017')
INSERT INTO subservices VALUES (11041,'замена правой задней двери Lexus NX 2018')
INSERT INTO subservices VALUES (11042,'замена правой задней двери Lexus RX 2013')
INSERT INTO subservices VALUES (11043,'замена правой задней двери Lexus LX 2010')
INSERT INTO subservices VALUES (11044,'замена правой задней двери Lexus LX 2019')
INSERT INTO subservices VALUES (11045,'замена правой задней двери Lexus RX 2008')
INSERT INTO subservices VALUES (11046,'замена левой передней двери Mercedes-Benz SLS AMG 2010')
INSERT INTO subservices VALUES (11047,'замена левой передней двери Mercedes-Benz SLS AMG 2015')
INSERT INTO subservices VALUES (11048,'замена левой передней двери Mercedes-Benz SLS AMG 2005')
INSERT INTO subservices VALUES (11049,'замена левой передней двери Mercedes-Benz GLA-Class 2013')
INSERT INTO subservices VALUES (11050,'замена левой передней двери Mercedes-Benz GLC-class 2017')
INSERT INTO subservices VALUES (11051,'замена левой передней двери Nissan X-TRAIL 2005')
INSERT INTO subservices VALUES (11052,'замена левой передней двери Nissan X-TRAIL 2015')
INSERT INTO subservices VALUES (11053,'замена левой передней двери Nissan GT-R 2010')
INSERT INTO subservices VALUES (11054,'замена левой передней двери Nissan Terrano 2014')
INSERT INTO subservices VALUES (11055,'замена левой передней двери Nissan Pathfinder 2010')
INSERT INTO subservices VALUES (11056,'замена левой передней двери Toyota Mark II 2000')
INSERT INTO subservices VALUES (11057,'замена левой передней двери Toyota RAV-4 2010')
INSERT INTO subservices VALUES (11058,'замена левой передней двери Toyota RAV-4 2018')
INSERT INTO subservices VALUES (11059,'замена левой передней двери Toyota Corolla 2010')
INSERT INTO subservices VALUES (11060,'замена левой передней двери Toyota Camry 2017')
INSERT INTO subservices VALUES (11061,'замена левой передней двери Lexus NX 2018')
INSERT INTO subservices VALUES (11062,'замена левой передней двери Lexus RX 2013')
INSERT INTO subservices VALUES (11063,'замена левой передней двери Lexus LX 2010')
INSERT INTO subservices VALUES (11064,'замена левой передней двери Lexus LX 2019')
INSERT INTO subservices VALUES (11065,'замена левой передней двери Lexus RX 2008')
INSERT INTO subservices VALUES (11066,'замена правой передней двери Mercedes-Benz SLS AMG 2010')
INSERT INTO subservices VALUES (11067,'замена правой передней двери Mercedes-Benz SLS AMG 2015')
INSERT INTO subservices VALUES (11068,'замена правой передней двери Mercedes-Benz SLS AMG 2005')
INSERT INTO subservices VALUES (11069,'замена правой передней двери Mercedes-Benz GLA-Class 2013')
INSERT INTO subservices VALUES (11070,'замена правой передней двери Mercedes-Benz GLC-class 2017')
INSERT INTO subservices VALUES (11071,'замена правой передней двери Nissan X-TRAIL 2005')
INSERT INTO subservices VALUES (11072,'замена правой передней двери Nissan X-TRAIL 2015')
INSERT INTO subservices VALUES (11073,'замена правой передней двери Nissan GT-R 2010')
INSERT INTO subservices VALUES (11074,'замена правой передней двери Nissan Terrano 2014')
INSERT INTO subservices VALUES (11075,'замена правой передней двери Nissan Pathfinder 2010')
INSERT INTO subservices VALUES (11076,'замена правой передней двери Toyota Mark II 2000')
INSERT INTO subservices VALUES (11077,'замена правой передней двери Toyota RAV-4 2010')
INSERT INTO subservices VALUES (11078,'замена правой передней двери Toyota RAV-4 2018')
INSERT INTO subservices VALUES (11079,'замена правой передней двери Toyota Corolla 2010')
INSERT INTO subservices VALUES (11080,'замена правой передней двери Toyota Camry 2017')
INSERT INTO subservices VALUES (11081,'замена правой передней двери Lexus NX 2018')
INSERT INTO subservices VALUES (11082,'замена правой передней двери Lexus RX 2013')
INSERT INTO subservices VALUES (11083,'замена правой передней двери Lexus LX 2010')
INSERT INTO subservices VALUES (11084,'замена правой передней двери Lexus LX 2019')
INSERT INTO subservices VALUES (11085,'замена правой передней двери Lexus RX 2008')
INSERT INTO subservices VALUES (11086,'замена заднего бампера Mercedes-Benz SLS AMG 2010')
INSERT INTO subservices VALUES (11087,'замена заднего бампера Mercedes-Benz SLS AMG 2015')
INSERT INTO subservices VALUES (11088,'замена заднего бампера Mercedes-Benz SLS AMG 2005')
INSERT INTO subservices VALUES (11089,'замена заднего бампера Mercedes-Benz GLA-Class 2013')
INSERT INTO subservices VALUES (11090,'замена заднего бампера Mercedes-Benz GLC-class 2017')
INSERT INTO subservices VALUES (11091,'замена заднего бампера Nissan X-TRAIL 2005')
INSERT INTO subservices VALUES (11092,'замена заднего бампера Nissan X-TRAIL 2015')
INSERT INTO subservices VALUES (11093,'замена заднего бампера Nissan GT-R 2010')
INSERT INTO subservices VALUES (11094,'замена заднего бампера Nissan Terrano 2014')
INSERT INTO subservices VALUES (11095,'замена заднего бампера Nissan Pathfinder 2010')
INSERT INTO subservices VALUES (11096,'замена заднего бампера Toyota Mark II 2000')
INSERT INTO subservices VALUES (11097,'замена заднего бампера Toyota RAV-4 2010')
INSERT INTO subservices VALUES (11098,'замена заднего бампера Toyota RAV-4 2018')
INSERT INTO subservices VALUES (11099,'замена заднего бампера Toyota Corolla 2010')
INSERT INTO subservices VALUES (11100,'замена заднего бампера Toyota Camry 2017')
INSERT INTO subservices VALUES (11101,'замена заднего бампера Lexus NX 2018')
INSERT INTO subservices VALUES (11102,'замена заднего бампера Lexus RX 2013')
INSERT INTO subservices VALUES (11103,'замена заднего бампера Lexus LX 2010')
INSERT INTO subservices VALUES (11104,'замена заднего бампера Lexus LX 2019')
INSERT INTO subservices VALUES (11105,'замена заднего бампера Lexus RX 2008')
INSERT INTO subservices VALUES (11106,'замена переднего бампера Mercedes-Benz SLS AMG 2010')
INSERT INTO subservices VALUES (11107,'замена переднего бампера Mercedes-Benz SLS AMG 2015')
INSERT INTO subservices VALUES (11108,'замена переднего бампера Mercedes-Benz SLS AMG 2005')
INSERT INTO subservices VALUES (11109,'замена переднего бампера Mercedes-Benz GLA-Class 2013')
INSERT INTO subservices VALUES (11110,'замена переднего бампера Mercedes-Benz GLC-class 2017')
INSERT INTO subservices VALUES (11111,'замена переднего бампера Nissan X-TRAIL 2005')
INSERT INTO subservices VALUES (11112,'замена переднего бампера Nissan X-TRAIL 2015')
INSERT INTO subservices VALUES (11113,'замена переднего бампера Nissan GT-R 2010')
INSERT INTO subservices VALUES (11114,'замена переднего бампера Nissan Terrano 2014')
INSERT INTO subservices VALUES (11115,'замена переднего бампера Nissan Pathfinder 2010')
INSERT INTO subservices VALUES (11116,'замена переднего бампера Toyota Mark II 2000')
INSERT INTO subservices VALUES (11117,'замена переднего бампера Toyota RAV-4 2010')
INSERT INTO subservices VALUES (11118,'замена переднего бампера Toyota RAV-4 2018')
INSERT INTO subservices VALUES (11119,'замена переднего бампера Toyota Corolla 2010')
INSERT INTO subservices VALUES (11120,'замена переднего бампера Toyota Camry 2017')
INSERT INTO subservices VALUES (11121,'замена переднего бампера Lexus NX 2018')
INSERT INTO subservices VALUES (11122,'замена переднего бампера Lexus RX 2013')
INSERT INTO subservices VALUES (11123,'замена переднего бампера Lexus LX 2010')
INSERT INTO subservices VALUES (11124,'замена переднего бампера Lexus LX 2019')
INSERT INTO subservices VALUES (11125,'замена переднего бампера Lexus RX 2008')
INSERT INTO subservices VALUES (11126,'шлифовка  ')
INSERT INTO subservices VALUES (11127,'грунтовка ')
INSERT INTO subservices VALUES (11128,'покраска (серебристый металик) ')
INSERT INTO subservices VALUES (11129,'покраска (черный металик) ')
INSERT INTO subservices VALUES (11130,'покраска (белый металик) ')
INSERT INTO subservices VALUES (11131,'покраска (красный металик) ')
INSERT INTO subservices VALUES (11132,'полировка ')
INSERT INTO subservices VALUES (11133,'полировка фар ')
INSERT INTO subservices VALUES (11134,'выправление вмятин ')

GO

INSERT INTO subservices_services VALUES(11001,60001)
INSERT INTO subservices_services VALUES(11001,60005)
INSERT INTO subservices_services VALUES(11002,60002)
INSERT INTO subservices_services VALUES(11002,60006)
INSERT INTO subservices_services VALUES(11003,60001)
INSERT INTO subservices_services VALUES(11003,60002)
INSERT INTO subservices_services VALUES(11003,60005)
INSERT INTO subservices_services VALUES(11003,60006)
INSERT INTO subservices_services VALUES(11004,60002)
INSERT INTO subservices_services VALUES(11005,60001)
INSERT INTO subservices_services VALUES(11006,60009)
INSERT INTO subservices_services VALUES(11007,60009)
INSERT INTO subservices_services VALUES(11008,60009)
INSERT INTO subservices_services VALUES(11009,60009)
INSERT INTO subservices_services VALUES(11010,60009)
INSERT INTO subservices_services VALUES(11011,60010)
INSERT INTO subservices_services VALUES(11012,60010)
INSERT INTO subservices_services VALUES(11013,60010)
INSERT INTO subservices_services VALUES(11014,60010)
INSERT INTO subservices_services VALUES(11015,60010)
INSERT INTO subservices_services VALUES(11016,60010)
INSERT INTO subservices_services VALUES(11017,60010)
INSERT INTO subservices_services VALUES(11018,60010)
INSERT INTO subservices_services VALUES(11019,60010)
INSERT INTO subservices_services VALUES(11020,60010)
INSERT INTO subservices_services VALUES(11021,60009)
INSERT INTO subservices_services VALUES(11022,60009)
INSERT INTO subservices_services VALUES(11023,60009)
INSERT INTO subservices_services VALUES(11024,60009)
INSERT INTO subservices_services VALUES(11025,60009)
INSERT INTO subservices_services VALUES(11026,60009)
INSERT INTO subservices_services VALUES(11027,60009)
INSERT INTO subservices_services VALUES(11028,60009)
INSERT INTO subservices_services VALUES(11029,60009)
INSERT INTO subservices_services VALUES(11030,60009)
INSERT INTO subservices_services VALUES(11031,60010)
INSERT INTO subservices_services VALUES(11032,60010)
INSERT INTO subservices_services VALUES(11033,60010)
INSERT INTO subservices_services VALUES(11034,60010)
INSERT INTO subservices_services VALUES(11035,60010)
INSERT INTO subservices_services VALUES(11036,60010)
INSERT INTO subservices_services VALUES(11037,60010)
INSERT INTO subservices_services VALUES(11038,60010)
INSERT INTO subservices_services VALUES(11039,60010)
INSERT INTO subservices_services VALUES(11040,60010)
INSERT INTO subservices_services VALUES(11041,60009)
INSERT INTO subservices_services VALUES(11042,60009)
INSERT INTO subservices_services VALUES(11043,60009)
INSERT INTO subservices_services VALUES(11044,60009)
INSERT INTO subservices_services VALUES(11045,60009)
INSERT INTO subservices_services VALUES(11046,60009)
INSERT INTO subservices_services VALUES(11047,60009)
INSERT INTO subservices_services VALUES(11048,60009)
INSERT INTO subservices_services VALUES(11049,60009)
INSERT INTO subservices_services VALUES(11050,60009)
INSERT INTO subservices_services VALUES(11051,60010)
INSERT INTO subservices_services VALUES(11052,60010)
INSERT INTO subservices_services VALUES(11053,60010)
INSERT INTO subservices_services VALUES(11054,60010)
INSERT INTO subservices_services VALUES(11055,60010)
INSERT INTO subservices_services VALUES(11056,60010)
INSERT INTO subservices_services VALUES(11057,60010)
INSERT INTO subservices_services VALUES(11058,60010)
INSERT INTO subservices_services VALUES(11059,60010)
INSERT INTO subservices_services VALUES(11060,60010)
INSERT INTO subservices_services VALUES(11061,60009)
INSERT INTO subservices_services VALUES(11062,60009)
INSERT INTO subservices_services VALUES(11063,60009)
INSERT INTO subservices_services VALUES(11064,60009)
INSERT INTO subservices_services VALUES(11065,60009)
INSERT INTO subservices_services VALUES(11066,60009)
INSERT INTO subservices_services VALUES(11067,60009)
INSERT INTO subservices_services VALUES(11068,60009)
INSERT INTO subservices_services VALUES(11069,60009)
INSERT INTO subservices_services VALUES(11070,60009)
INSERT INTO subservices_services VALUES(11071,60010)
INSERT INTO subservices_services VALUES(11072,60010)
INSERT INTO subservices_services VALUES(11073,60010)
INSERT INTO subservices_services VALUES(11074,60010)
INSERT INTO subservices_services VALUES(11075,60010)
INSERT INTO subservices_services VALUES(11076,60010)
INSERT INTO subservices_services VALUES(11077,60010)
INSERT INTO subservices_services VALUES(11078,60010)
INSERT INTO subservices_services VALUES(11079,60010)
INSERT INTO subservices_services VALUES(11080,60010)
INSERT INTO subservices_services VALUES(11081,60009)
INSERT INTO subservices_services VALUES(11082,60009)
INSERT INTO subservices_services VALUES(11083,60009)
INSERT INTO subservices_services VALUES(11084,60009)
INSERT INTO subservices_services VALUES(11085,60009)
INSERT INTO subservices_services VALUES(11086,60009)
INSERT INTO subservices_services VALUES(11087,60009)
INSERT INTO subservices_services VALUES(11088,60009)
INSERT INTO subservices_services VALUES(11089,60009)
INSERT INTO subservices_services VALUES(11090,60009)
INSERT INTO subservices_services VALUES(11091,60010)
INSERT INTO subservices_services VALUES(11092,60010)
INSERT INTO subservices_services VALUES(11093,60010)
INSERT INTO subservices_services VALUES(11094,60010)
INSERT INTO subservices_services VALUES(11095,60010)
INSERT INTO subservices_services VALUES(11096,60010)
INSERT INTO subservices_services VALUES(11097,60010)
INSERT INTO subservices_services VALUES(11098,60010)
INSERT INTO subservices_services VALUES(11099,60010)
INSERT INTO subservices_services VALUES(11100,60010)
INSERT INTO subservices_services VALUES(11101,60009)
INSERT INTO subservices_services VALUES(11102,60009)
INSERT INTO subservices_services VALUES(11103,60009)
INSERT INTO subservices_services VALUES(11104,60009)
INSERT INTO subservices_services VALUES(11105,60009)
INSERT INTO subservices_services VALUES(11106,60009)
INSERT INTO subservices_services VALUES(11107,60009)
INSERT INTO subservices_services VALUES(11108,60009)
INSERT INTO subservices_services VALUES(11109,60009)
INSERT INTO subservices_services VALUES(11110,60009)
INSERT INTO subservices_services VALUES(11111,60010)
INSERT INTO subservices_services VALUES(11112,60010)
INSERT INTO subservices_services VALUES(11113,60010)
INSERT INTO subservices_services VALUES(11114,60010)
INSERT INTO subservices_services VALUES(11115,60010)
INSERT INTO subservices_services VALUES(11116,60010)
INSERT INTO subservices_services VALUES(11117,60010)
INSERT INTO subservices_services VALUES(11118,60010)
INSERT INTO subservices_services VALUES(11119,60010)
INSERT INTO subservices_services VALUES(11120,60010)
INSERT INTO subservices_services VALUES(11121,60009)
INSERT INTO subservices_services VALUES(11122,60009)
INSERT INTO subservices_services VALUES(11123,60009)
INSERT INTO subservices_services VALUES(11124,60009)
INSERT INTO subservices_services VALUES(11125,60009)
INSERT INTO subservices_services VALUES(11126,60003)
INSERT INTO subservices_services VALUES(11127,60003)
INSERT INTO subservices_services VALUES(11128,60003)
INSERT INTO subservices_services VALUES(11129,60003)
INSERT INTO subservices_services VALUES(11130,60003)
INSERT INTO subservices_services VALUES(11131,60003)
INSERT INTO subservices_services VALUES(11132,60003)
INSERT INTO subservices_services VALUES(11133,60004)
INSERT INTO subservices_services VALUES(11134,60007)
INSERT INTO subservices_services VALUES(11134,60008)

GO

INSERT INTO subservices_specs VALUES(11001,70001,1)
INSERT INTO subservices_specs VALUES(11002,70002,1)
INSERT INTO subservices_specs VALUES(11003,70168,1)
INSERT INTO subservices_specs VALUES(11004,70170,1)
INSERT INTO subservices_specs VALUES(11005,70169,1)
INSERT INTO subservices_specs VALUES(11006,70088,1)
INSERT INTO subservices_specs VALUES(11007,70089,1)
INSERT INTO subservices_specs VALUES(11008,70090,1)
INSERT INTO subservices_specs VALUES(11009,70091,1)
INSERT INTO subservices_specs VALUES(11010,70092,1)
INSERT INTO subservices_specs VALUES(11011,70093,1)
INSERT INTO subservices_specs VALUES(11012,70094,1)
INSERT INTO subservices_specs VALUES(11013,70095,1)
INSERT INTO subservices_specs VALUES(11014,70096,1)
INSERT INTO subservices_specs VALUES(11015,70097,1)
INSERT INTO subservices_specs VALUES(11016,70098,1)
INSERT INTO subservices_specs VALUES(11017,70099,1)
INSERT INTO subservices_specs VALUES(11018,70100,1)
INSERT INTO subservices_specs VALUES(11019,70101,1)
INSERT INTO subservices_specs VALUES(11020,70102,1)
INSERT INTO subservices_specs VALUES(11021,70103,1)
INSERT INTO subservices_specs VALUES(11022,70104,1)
INSERT INTO subservices_specs VALUES(11023,70105,1)
INSERT INTO subservices_specs VALUES(11024,70106,1)
INSERT INTO subservices_specs VALUES(11025,70107,1)
INSERT INTO subservices_specs VALUES(11026,70108,1)
INSERT INTO subservices_specs VALUES(11027,70109,1)
INSERT INTO subservices_specs VALUES(11028,70110,1)
INSERT INTO subservices_specs VALUES(11029,70111,1)
INSERT INTO subservices_specs VALUES(11030,70112,1)
INSERT INTO subservices_specs VALUES(11031,70113,1)
INSERT INTO subservices_specs VALUES(11032,70114,1)
INSERT INTO subservices_specs VALUES(11033,70115,1)
INSERT INTO subservices_specs VALUES(11034,70116,1)
INSERT INTO subservices_specs VALUES(11035,70117,1)
INSERT INTO subservices_specs VALUES(11036,70118,1)
INSERT INTO subservices_specs VALUES(11037,70119,1)
INSERT INTO subservices_specs VALUES(11038,70120,1)
INSERT INTO subservices_specs VALUES(11039,70121,1)
INSERT INTO subservices_specs VALUES(11040,70122,1)
INSERT INTO subservices_specs VALUES(11041,70123,1)
INSERT INTO subservices_specs VALUES(11042,70124,1)
INSERT INTO subservices_specs VALUES(11043,70125,1)
INSERT INTO subservices_specs VALUES(11044,70126,1)
INSERT INTO subservices_specs VALUES(11045,70127,1)
INSERT INTO subservices_specs VALUES(11046,70148,1)
INSERT INTO subservices_specs VALUES(11047,70149,1)
INSERT INTO subservices_specs VALUES(11048,70150,1)
INSERT INTO subservices_specs VALUES(11049,70151,1)
INSERT INTO subservices_specs VALUES(11050,70152,1)
INSERT INTO subservices_specs VALUES(11051,70153,1)
INSERT INTO subservices_specs VALUES(11052,70154,1)
INSERT INTO subservices_specs VALUES(11053,70155,1)
INSERT INTO subservices_specs VALUES(11054,70156,1)
INSERT INTO subservices_specs VALUES(11055,70157,1)
INSERT INTO subservices_specs VALUES(11056,70158,1)
INSERT INTO subservices_specs VALUES(11057,70159,1)
INSERT INTO subservices_specs VALUES(11058,70160,1)
INSERT INTO subservices_specs VALUES(11059,70161,1)
INSERT INTO subservices_specs VALUES(11060,70162,1)
INSERT INTO subservices_specs VALUES(11061,70163,1)
INSERT INTO subservices_specs VALUES(11062,70164,1)
INSERT INTO subservices_specs VALUES(11063,70165,1)
INSERT INTO subservices_specs VALUES(11064,70166,1)
INSERT INTO subservices_specs VALUES(11065,70167,1)
INSERT INTO subservices_specs VALUES(11066,70128,1)
INSERT INTO subservices_specs VALUES(11067,70129,1)
INSERT INTO subservices_specs VALUES(11068,70130,1)
INSERT INTO subservices_specs VALUES(11069,70131,1)
INSERT INTO subservices_specs VALUES(11070,70132,1)
INSERT INTO subservices_specs VALUES(11071,70133,1)
INSERT INTO subservices_specs VALUES(11072,70134,1)
INSERT INTO subservices_specs VALUES(11073,70135,1)
INSERT INTO subservices_specs VALUES(11074,70136,1)
INSERT INTO subservices_specs VALUES(11075,70137,1)
INSERT INTO subservices_specs VALUES(11076,70138,1)
INSERT INTO subservices_specs VALUES(11077,70139,1)
INSERT INTO subservices_specs VALUES(11078,70140,1)
INSERT INTO subservices_specs VALUES(11079,70141,1)
INSERT INTO subservices_specs VALUES(11080,70142,1)
INSERT INTO subservices_specs VALUES(11081,70143,1)
INSERT INTO subservices_specs VALUES(11082,70144,1)
INSERT INTO subservices_specs VALUES(11083,70145,1)
INSERT INTO subservices_specs VALUES(11084,70146,1)
INSERT INTO subservices_specs VALUES(11085,70147,1)
INSERT INTO subservices_specs VALUES(11086,70008,1)
INSERT INTO subservices_specs VALUES(11087,70009,1)
INSERT INTO subservices_specs VALUES(11088,70010,1)
INSERT INTO subservices_specs VALUES(11089,70011,1)
INSERT INTO subservices_specs VALUES(11090,70012,1)
INSERT INTO subservices_specs VALUES(11091,70013,1)
INSERT INTO subservices_specs VALUES(11092,70014,1)
INSERT INTO subservices_specs VALUES(11093,70015,1)
INSERT INTO subservices_specs VALUES(11094,70016,1)
INSERT INTO subservices_specs VALUES(11095,70017,1)
INSERT INTO subservices_specs VALUES(11096,70018,1)
INSERT INTO subservices_specs VALUES(11097,70019,1)
INSERT INTO subservices_specs VALUES(11098,70020,1)
INSERT INTO subservices_specs VALUES(11099,70021,1)
INSERT INTO subservices_specs VALUES(11100,70022,1)
INSERT INTO subservices_specs VALUES(11101,70023,1)
INSERT INTO subservices_specs VALUES(11102,70024,1)
INSERT INTO subservices_specs VALUES(11103,70025,1)
INSERT INTO subservices_specs VALUES(11104,70026,1)
INSERT INTO subservices_specs VALUES(11105,70027,1)
INSERT INTO subservices_specs VALUES(11106,70028,1)
INSERT INTO subservices_specs VALUES(11107,70029,1)
INSERT INTO subservices_specs VALUES(11108,70030,1)
INSERT INTO subservices_specs VALUES(11109,70031,1)
INSERT INTO subservices_specs VALUES(11110,70032,1)
INSERT INTO subservices_specs VALUES(11111,70033,1)
INSERT INTO subservices_specs VALUES(11112,70034,1)
INSERT INTO subservices_specs VALUES(11113,70035,1)
INSERT INTO subservices_specs VALUES(11114,70036,1)
INSERT INTO subservices_specs VALUES(11115,70037,1)
INSERT INTO subservices_specs VALUES(11116,70038,1)
INSERT INTO subservices_specs VALUES(11117,70039,1)
INSERT INTO subservices_specs VALUES(11118,70040,1)
INSERT INTO subservices_specs VALUES(11119,70041,1)
INSERT INTO subservices_specs VALUES(11120,70042,1)
INSERT INTO subservices_specs VALUES(11121,70043,1)
INSERT INTO subservices_specs VALUES(11122,70044,1)
INSERT INTO subservices_specs VALUES(11123,70045,1)
INSERT INTO subservices_specs VALUES(11124,70046,1)
INSERT INTO subservices_specs VALUES(11125,70047,1)
INSERT INTO subservices_specs VALUES(11126,70168,0)
INSERT INTO subservices_specs VALUES(11127,70171,1)
INSERT INTO subservices_specs VALUES(11128,70003,1)
INSERT INTO subservices_specs VALUES(11129,70004,1)
INSERT INTO subservices_specs VALUES(11130,70005,1)
INSERT INTO subservices_specs VALUES(11131,70006,1)
INSERT INTO subservices_specs VALUES(11132,70168,0)
INSERT INTO subservices_specs VALUES(11133,70007,2)
INSERT INTO subservices_specs VALUES(11134,70168,0)

GO

INSERT INTO employee_absence VALUES(40001, '2020-03-24', '2020-03-29', 'больничный', 5000, 10000)
INSERT INTO employee_absence VALUES(40001, '2020-03-27', '2020-04-12', 'отпуск ', 0, 0)
INSERT INTO employee_absence VALUES(40007, '2020-03-31', '2020-04-05', 'отпуск без содержания', 0, 7000)
INSERT INTO employee_absence VALUES(40009, '2020-04-04', '2020-04-18', 'отпуск', 0, 0)
INSERT INTO employee_absence VALUES(40003, '2020-04-05', '2020-04-08', 'больничный', 3000, 6000)

INSERT INTO mechanics_services VALUES(60001, 40001)
INSERT INTO mechanics_services VALUES(60001, 40002)
INSERT INTO mechanics_services VALUES(60001, 40003)
INSERT INTO mechanics_services VALUES(60001, 40004)
INSERT INTO mechanics_services VALUES(60002, 40001)
INSERT INTO mechanics_services VALUES(60002, 40002)
INSERT INTO mechanics_services VALUES(60002, 40003)
INSERT INTO mechanics_services VALUES(60002, 40004)
INSERT INTO mechanics_services VALUES(60002, 40005)
INSERT INTO mechanics_services VALUES(60002, 40006)
INSERT INTO mechanics_services VALUES(60002, 40007)
INSERT INTO mechanics_services VALUES(60003, 40001)
INSERT INTO mechanics_services VALUES(60003, 40002)
INSERT INTO mechanics_services VALUES(60003, 40003)
INSERT INTO mechanics_services VALUES(60003, 40004)
INSERT INTO mechanics_services VALUES(60003, 40005)
INSERT INTO mechanics_services VALUES(60003, 40006)
INSERT INTO mechanics_services VALUES(60003, 40007)
INSERT INTO mechanics_services VALUES(60004, 40001)
INSERT INTO mechanics_services VALUES(60004, 40002)
INSERT INTO mechanics_services VALUES(60004, 40003)
INSERT INTO mechanics_services VALUES(60004, 40004)
INSERT INTO mechanics_services VALUES(60004, 40005)
INSERT INTO mechanics_services VALUES(60004, 40006)
INSERT INTO mechanics_services VALUES(60004, 40007)
INSERT INTO mechanics_services VALUES(60005, 40001)
INSERT INTO mechanics_services VALUES(60005, 40002)
INSERT INTO mechanics_services VALUES(60005, 40003)
INSERT INTO mechanics_services VALUES(60005, 40004)
INSERT INTO mechanics_services VALUES(60005, 40005)
INSERT INTO mechanics_services VALUES(60005, 40006)
INSERT INTO mechanics_services VALUES(60005, 40007)
INSERT INTO mechanics_services VALUES(60006, 40001)
INSERT INTO mechanics_services VALUES(60006, 40002)
INSERT INTO mechanics_services VALUES(60006, 40003)
INSERT INTO mechanics_services VALUES(60006, 40004)
INSERT INTO mechanics_services VALUES(60006, 40005)
INSERT INTO mechanics_services VALUES(60006, 40006)
INSERT INTO mechanics_services VALUES(60006, 40007)
INSERT INTO mechanics_services VALUES(60007, 40001)
INSERT INTO mechanics_services VALUES(60007, 40002)
INSERT INTO mechanics_services VALUES(60007, 40003)
INSERT INTO mechanics_services VALUES(60007, 40004)
INSERT INTO mechanics_services VALUES(60008, 40001)
INSERT INTO mechanics_services VALUES(60008, 40002)
INSERT INTO mechanics_services VALUES(60008, 40003)
INSERT INTO mechanics_services VALUES(60008, 40004)
INSERT INTO mechanics_services VALUES(60009, 40001)
INSERT INTO mechanics_services VALUES(60009, 40002)
INSERT INTO mechanics_services VALUES(60009, 40003)
INSERT INTO mechanics_services VALUES(60009, 40004)
INSERT INTO mechanics_services VALUES(60010, 40001)
INSERT INTO mechanics_services VALUES(60010, 40002)
INSERT INTO mechanics_services VALUES(60010, 40003)
INSERT INTO mechanics_services VALUES(60010, 40004)
INSERT INTO mechanics_services VALUES(60010, 40005)
INSERT INTO mechanics_services VALUES(60010, 40006)
INSERT INTO mechanics_services VALUES(60010, 40007)

GO

INSERT INTO service_orders VALUES(50001,60010)
INSERT INTO service_orders VALUES(50001,60004)
INSERT INTO service_orders VALUES(50001, 60002)
INSERT INTO service_orders VALUES(50002,60004)
INSERT INTO service_orders VALUES(50002,60006)
INSERT INTO service_orders VALUES(50003,60001)
INSERT INTO service_orders VALUES(50004,60001)
INSERT INTO service_orders VALUES(50005,60004)
INSERT INTO service_orders VALUES(50005,60006)
INSERT INTO service_orders VALUES(50006,60002)
INSERT INTO service_orders VALUES(50007,60002)
INSERT INTO service_orders VALUES(50008,60004)
INSERT INTO service_orders VALUES(50009,60004)
INSERT INTO service_orders VALUES(50010,60004)
INSERT INTO service_orders VALUES(50011,60004)
INSERT INTO service_orders VALUES(50012,60003)
INSERT INTO service_orders VALUES(50012,60005)
INSERT INTO service_orders VALUES(50013,60002)
INSERT INTO service_orders VALUES(50014,60005)
INSERT INTO service_orders VALUES(50015,60005)
INSERT INTO service_orders VALUES(50016,60009)
INSERT INTO service_orders VALUES(50017,60009)
INSERT INTO service_orders VALUES(50018,60009)
INSERT INTO service_orders VALUES(50019,60010)
INSERT INTO service_orders VALUES(50019,60004)
INSERT INTO service_orders VALUES(50020,60010)
INSERT INTO service_orders VALUES(50020,60004)
INSERT INTO service_orders VALUES(50021,60010)
INSERT INTO service_orders VALUES(50021,60004)
INSERT INTO service_orders VALUES(50022,60009)
INSERT INTO service_orders VALUES(50023,60009)
INSERT INTO service_orders VALUES(50024,60001)
 
INSERT INTO subservices_orders_vehicles VALUES(30001,50001,11133)
INSERT INTO subservices_orders_vehicles VALUES(30001,50001,11118)
INSERT INTO subservices_orders_vehicles VALUES(30001,50001,11002)
INSERT INTO subservices_orders_vehicles VALUES(30001,50001,11003)
INSERT INTO subservices_orders_vehicles VALUES(30001,50001,11004)
INSERT INTO subservices_orders_vehicles VALUES(30002,50002,11133)
INSERT INTO subservices_orders_vehicles VALUES(30002,50002,11002)
INSERT INTO subservices_orders_vehicles VALUES(30003,50003,11001)
INSERT INTO subservices_orders_vehicles VALUES(30003,50003,11003)
INSERT INTO subservices_orders_vehicles VALUES(30003,50003,11005)
INSERT INTO subservices_orders_vehicles VALUES(30004,50004,11001)
INSERT INTO subservices_orders_vehicles VALUES(30004,50004,11003)
INSERT INTO subservices_orders_vehicles VALUES(30004,50004,11005)
INSERT INTO subservices_orders_vehicles VALUES(30005,50005,11002)
INSERT INTO subservices_orders_vehicles VALUES(30005,50005,11133)
INSERT INTO subservices_orders_vehicles VALUES(30006,50006,11002)
INSERT INTO subservices_orders_vehicles VALUES(30006,50006,11003)
INSERT INTO subservices_orders_vehicles VALUES(30006,50006,11004)
INSERT INTO subservices_orders_vehicles VALUES(30007,50007,11002)
INSERT INTO subservices_orders_vehicles VALUES(30007,50007,11003)
INSERT INTO subservices_orders_vehicles VALUES(30007,50007,11004)
INSERT INTO subservices_orders_vehicles VALUES(30008,50008,11133)
INSERT INTO subservices_orders_vehicles VALUES(30009,50009,11133)
INSERT INTO subservices_orders_vehicles VALUES(30010,50010,11133)
INSERT INTO subservices_orders_vehicles VALUES(30011,50011,11133)
INSERT INTO subservices_orders_vehicles VALUES(30012,50012,11001)
INSERT INTO subservices_orders_vehicles VALUES(30012,50012,11126)
INSERT INTO subservices_orders_vehicles VALUES(30012,50012,11127)
INSERT INTO subservices_orders_vehicles VALUES(30012,50012,11128)
INSERT INTO subservices_orders_vehicles VALUES(30012,50012,11132)
INSERT INTO subservices_orders_vehicles VALUES(30013,50013,11002)
INSERT INTO subservices_orders_vehicles VALUES(30013,50013,11003)
INSERT INTO subservices_orders_vehicles VALUES(30013,50013,11004)
INSERT INTO subservices_orders_vehicles VALUES(30014,50014,11001)
INSERT INTO subservices_orders_vehicles VALUES(30015,50015,11001)
INSERT INTO subservices_orders_vehicles VALUES(30016,50016,11104)
INSERT INTO subservices_orders_vehicles VALUES(30017,50017,11069)
INSERT INTO subservices_orders_vehicles VALUES(30018,50018,11047)
INSERT INTO subservices_orders_vehicles VALUES(30019,50019,11133)
INSERT INTO subservices_orders_vehicles VALUES(30019,50019,11074)
INSERT INTO subservices_orders_vehicles VALUES(30020,50020,11133)
INSERT INTO subservices_orders_vehicles VALUES(30020,50020,11056)
INSERT INTO subservices_orders_vehicles VALUES(30021,50021,11133)
INSERT INTO subservices_orders_vehicles VALUES(30021,50021,11096)
INSERT INTO subservices_orders_vehicles VALUES(30022,50022,11090)
INSERT INTO subservices_orders_vehicles VALUES(30023,50023,11045)
INSERT INTO subservices_orders_vehicles VALUES(30024,50024,11001)
INSERT INTO subservices_orders_vehicles VALUES(30024,50024,11003)
INSERT INTO subservices_orders_vehicles VALUES(30024,50024,11005)
